Latitude [degrees_north],Longitude [degrees_east],u-velocity [m/s],v-velocity [m/s]
-20,40,-0.109568,0.667177,
-20,42.5,-0.0706148,0.67193,
-20,45,0.0115973,0.467367,
-20,47.5,0.183368,0.556673,
-20,50,0.253968,0.761521,
-20,52.5,0.291697,0.891358,
-20,55,0.399211,0.966598,
-20,57.5,0.54083,0.982958,
-20,60,0.66919,0.954273,
-20,62.5,0.799445,0.890043,
-20,65,0.945115,0.70298,
-20,67.5,1.09553,0.380907,
-20,70,1.23024,0.0159698,
-20,72.5,1.34798,-0.248286,
-20,75,1.45325,-0.416446,
-20,77.5,1.55321,-0.55974,
-20,80,1.65393,-0.684393,
-20,82.5,1.75653,-0.755566,
-20,85,1.85915,-0.776029,
-20,87.5,1.95875,-0.820965,
-20,90,2.03446,-0.93263,
-20,92.5,2.02877,-1.05059,
-20,95,1.97948,-1.12364,
-20,97.5,1.90782,-1.12681,
-20,100,1.81441,-1.08293,
-20,102.5,1.71956,-1.03788,
-20,105,1.643,-0.993485,
-20,107.5,1.58454,-0.875634,
-20,110,1.53649,-0.587625,
-20,112.5,1.52801,-0.171544,
-20,115,1.57759,0.0977769,
-20,117.5,1.57681,0.112475,
-20,120,1.47039,-0.0406746,
-20,122.5,1.3151,-0.198525,
-20,125,1.23188,-0.268337,
-20,127.5,1.28593,-0.299747,
-20,130,1.40352,-0.428556,
-20,132.5,1.41096,-0.722471,
-20,135,1.25825,-1.04247,
-20,137.5,1.06357,-1.10581,
-20,140,0.855986,-0.95788,
-20,142.5,0.658198,-0.847837,
-20,145,0.427315,-0.845197,
-20,147.5,0.16669,-0.825296,
-20,150,-0.0888602,-0.658535,
-20,152.5,-0.295682,-0.362539,
-20,155,-0.406414,-0.0849024,
-20,157.5,-0.425605,0.107247,
-20,160,-0.345275,0.354014,
-20,162.5,-0.211255,0.63466,
-20,165,-0.0529327,0.826441,
-20,167.5,0.0981835,0.917417,
-20,170,0.23919,0.936338,
-20,172.5,0.400897,0.887685,
-20,175,0.623741,0.75978,
-20,177.5,0.918306,0.577813,
-20,180,1.24163,0.377531,
-20,182.5,1.50707,0.100762,
-20,185,1.66935,-0.230014,
-20,187.5,1.73079,-0.506229,
-20,190,1.71096,-0.681498,
-20,192.5,1.62575,-0.782561,
-20,195,1.48966,-0.835571,
-20,197.5,1.33099,-0.830811,
-20,200,1.19674,-0.761116,
-20,202.5,1.11206,-0.681505,
-20,205,1.06366,-0.666052,
-20,207.5,1.0176,-0.685162,
-20,210,0.953378,-0.684496,
-20,212.5,0.839574,-0.635439,
-20,215,0.667251,-0.538182,
-20,217.5,0.476755,-0.418927,
-20,220,0.336679,-0.306618,
-20,222.5,0.284546,-0.192677,
-20,225,0.289541,0.00463126,
-20,227.5,0.320637,0.319128,
-20,230,0.389799,0.57112,
-20,232.5,0.542779,0.701091,
-20,235,0.824827,0.79374,
-20,237.5,1.21889,0.886565,
-20,240,1.63785,0.88886,
-20,242.5,1.97709,0.69379,
-20,245,2.20571,0.373692,
-20,247.5,2.44657,0.156157,
-20,250,2.72487,0.0736573,
-20,252.5,2.91958,-0.0765177,
-20,255,3.0613,-0.251045,
-20,257.5,3.13507,-0.401305,
-20,260,3.09912,-0.567281,
-20,262.5,2.99946,-0.812673,
-20,265,2.92569,-1.1194,
-20,267.5,2.83666,-1.34653,
-20,270,2.56808,-1.34546,
-20,272.5,2.26481,-1.43775,
-20,275,1.91466,-1.55915,
-20,277.5,1.47406,-1.38917,
-20,280,1.06562,-1.14115,
-20,282.5,0.58112,-0.711727,
-20,285,0.0263439,-0.31565,
-20,287.5,-0.368292,-0.245162,
-20,290,-0.487416,-0.0246735,
-20,292.5,-0.576835,0.136741,
-20,295,-0.250519,0.0882842,
-20,297.5,-0.312576,0.251523,
-20,300,-0.716878,0.653998,
-20,302.5,-1.0923,0.803778,
-20,305,-1.32639,0.743549,
-20,307.5,-1.39898,0.686498,
-20,310,-1.30967,0.691238,
-20,312.5,-1.20332,0.770144,
-20,315,-1.05779,0.762511,
-20,317.5,-0.795637,0.823889,
-20,320,-0.454323,0.904334,
-20,322.5,-0.277544,0.932449,
-20,325,-0.188478,0.888416,
-20,327.5,-0.0779779,0.817304,
-20,330,0.0561622,0.748581,
-20,332.5,0.154512,0.661503,
-20,335,0.226438,0.533401,
-20,337.5,0.331165,0.405199,
-20,340,0.407525,0.303198,
-20,342.5,0.415916,0.189056,
-20,345,0.399723,0.0880557,
-20,347.5,0.356001,0.0376492,
-20,350,0.258768,0.0237858,
-20,352.5,0.134304,0.0172294,
-20,355,0.0520717,0.00828814,
-20,357.5,0.0226314,-2.6061e-05,
-17.5,40,0.0296664,0.712641,
-17.5,42.5,0.0193962,0.620519,
-17.5,45,0.0332804,0.416602,
-17.5,47.5,0.0136298,0.516741,
-17.5,50,0.0207611,0.761152,
-17.5,52.5,0.102521,0.870932,
-17.5,55,0.301986,0.894354,
-17.5,57.5,0.53977,0.874095,
-17.5,60,0.743765,0.825845,
-17.5,62.5,0.916627,0.733149,
-17.5,65,1.06682,0.511097,
-17.5,67.5,1.16434,0.139087,
-17.5,70,1.18411,-0.281265,
-17.5,72.5,1.193,-0.574102,
-17.5,75,1.24168,-0.742174,
-17.5,77.5,1.32835,-0.873502,
-17.5,80,1.423,-0.988452,
-17.5,82.5,1.51038,-1.05369,
-17.5,85,1.59747,-1.0597,
-17.5,87.5,1.68007,-1.06197,
-17.5,90,1.71259,-1.08922,
-17.5,92.5,1.66583,-1.10899,
-17.5,95,1.5893,-1.12619,
-17.5,97.5,1.4752,-1.1327,
-17.5,100,1.32379,-1.10875,
-17.5,102.5,1.17549,-1.05215,
-17.5,105,1.06159,-0.959603,
-17.5,107.5,0.979826,-0.801533,
-17.5,110,0.927554,-0.531579,
-17.5,112.5,0.951004,-0.171281,
-17.5,115,1.03639,0.0946149,
-17.5,117.5,1.07127,0.157584,
-17.5,120,1.04299,0.0618059,
-17.5,122.5,1.01083,-0.079253,
-17.5,125,1.04033,-0.186407,
-17.5,127.5,1.14983,-0.279406,
-17.5,130,1.28557,-0.431663,
-17.5,132.5,1.33843,-0.654291,
-17.5,135,1.21274,-0.858975,
-17.5,137.5,0.928019,-0.858093,
-17.5,140,0.635715,-0.712318,
-17.5,142.5,0.396403,-0.605697,
-17.5,145,0.166488,-0.595901,
-17.5,147.5,-0.0764211,-0.569425,
-17.5,150,-0.293133,-0.405275,
-17.5,152.5,-0.417563,-0.126365,
-17.5,155,-0.42482,0.109431,
-17.5,157.5,-0.359285,0.253869,
-17.5,160,-0.263065,0.47993,
-17.5,162.5,-0.139451,0.729914,
-17.5,165,0.0173391,0.854787,
-17.5,167.5,0.204137,0.853347,
-17.5,170,0.425196,0.781967,
-17.5,172.5,0.684717,0.660729,
-17.5,175,0.975061,0.474267,
-17.5,177.5,1.27038,0.245712,
-17.5,180,1.52544,0.0421562,
-17.5,182.5,1.69069,-0.150379,
-17.5,185,1.75753,-0.371787,
-17.5,187.5,1.72071,-0.573553,
-17.5,190,1.6014,-0.70692,
-17.5,192.5,1.43668,-0.767715,
-17.5,195,1.26546,-0.77746,
-17.5,197.5,1.122,-0.754934,
-17.5,200,1.03339,-0.708658,
-17.5,202.5,1.00155,-0.657071,
-17.5,205,0.978544,-0.643837,
-17.5,207.5,0.926943,-0.651682,
-17.5,210,0.85298,-0.625433,
-17.5,212.5,0.74112,-0.535383,
-17.5,215,0.580144,-0.407879,
-17.5,217.5,0.394235,-0.300554,
-17.5,220,0.24124,-0.244563,
-17.5,222.5,0.173054,-0.193058,
-17.5,225,0.185799,-0.0320337,
-17.5,227.5,0.271015,0.247917,
-17.5,230,0.418536,0.448551,
-17.5,232.5,0.607858,0.503423,
-17.5,235,0.868895,0.517019,
-17.5,237.5,1.20535,0.538665,
-17.5,240,1.57757,0.502939,
-17.5,242.5,1.90332,0.331321,
-17.5,245,2.10026,0.0821444,
-17.5,247.5,2.25889,-0.0718375,
-17.5,250,2.43472,-0.165943,
-17.5,252.5,2.49992,-0.331411,
-17.5,255,2.54121,-0.459233,
-17.5,257.5,2.63263,-0.518818,
-17.5,260,2.67629,-0.606601,
-17.5,262.5,2.60869,-0.809248,
-17.5,265,2.49894,-1.08435,
-17.5,267.5,2.39564,-1.2676,
-17.5,270,2.11031,-1.22133,
-17.5,272.5,1.81008,-1.18269,
-17.5,275,1.44559,-1.1987,
-17.5,277.5,0.978077,-0.938983,
-17.5,280,0.532897,-0.447457,
-17.5,282.5,0.214036,-0.0837909,
-17.5,285,0.00784602,-0.0998443,
-17.5,287.5,-0.202142,-0.30751,
-17.5,290,-0.482012,-0.21032,
-17.5,292.5,-0.523142,0.11269,
-17.5,295,-0.317766,0.399811,
-17.5,297.5,-0.67564,1.01173,
-17.5,300,-0.976603,1.27841,
-17.5,302.5,-1.16872,1.16415,
-17.5,305,-1.21756,0.916126,
-17.5,307.5,-1.14321,0.714831,
-17.5,310,-1.06678,0.612798,
-17.5,312.5,-1.06702,0.655495,
-17.5,315,-1.02619,0.685506,
-17.5,317.5,-0.845484,0.771987,
-17.5,320,-0.55417,0.845871,
-17.5,322.5,-0.383286,0.85311,
-17.5,325,-0.294261,0.802415,
-17.5,327.5,-0.209155,0.747111,
-17.5,330,-0.110731,0.708272,
-17.5,332.5,-0.0245596,0.650763,
-17.5,335,0.0484431,0.535874,
-17.5,337.5,0.124443,0.386346,
-17.5,340,0.156186,0.255491,
-17.5,342.5,0.15766,0.15512,
-17.5,345,0.176449,0.099622,
-17.5,347.5,0.178879,0.0900772,
-17.5,350,0.121138,0.101644,
-17.5,352.5,0.0372163,0.109877,
-17.5,355,0.00954925,0.111344,
-17.5,357.5,0.0398165,0.112754,
-15,40,0.251926,0.775657,
-15,42.5,0.188751,0.611307,
-15,45,0.1288,0.475304,
-15,47.5,0.0372044,0.566349,
-15,50,0.0306796,0.704977,
-15,52.5,0.152973,0.731108,
-15,55,0.385666,0.683309,
-15,57.5,0.631157,0.625248,
-15,60,0.818687,0.576647,
-15,62.5,0.949961,0.503686,
-15,65,1.04191,0.338148,
-15,67.5,1.06534,0.00908358,
-15,70,0.96727,-0.411801,
-15,72.5,0.843835,-0.739134,
-15,75,0.795234,-0.944007,
-15,77.5,0.822015,-1.07916,
-15,80,0.870794,-1.16829,
-15,82.5,0.913161,-1.20098,
-15,85,0.965415,-1.17621,
-15,87.5,1.03827,-1.13042,
-15,90,1.08722,-1.07889,
-15,92.5,1.08828,-1.00668,
-15,95,1.06446,-0.966615,
-15,97.5,0.984002,-0.972276,
-15,100,0.852107,-0.97394,
-15,102.5,0.717827,-0.931737,
-15,105,0.614465,-0.840396,
-15,107.5,0.54019,-0.706844,
-15,110,0.499911,-0.517157,
-15,112.5,0.543759,-0.264537,
-15,115,0.653675,-0.0405696,
-15,117.5,0.740646,0.0649946,
-15,120,0.837177,0.0450879,
-15,122.5,0.962573,-0.0650547,
-15,125,1.06931,-0.206479,
-15,127.5,1.12889,-0.345092,
-15,130,1.15376,-0.464449,
-15,132.5,1.12504,-0.527174,
-15,135,0.968684,-0.539674,
-15,137.5,0.66249,-0.466781,
-15,140,0.369662,-0.352999,
-15,142.5,0.15649,-0.282825,
-15,145,-0.00639321,-0.284938,
-15,147.5,-0.13301,-0.27581,
-15,150,-0.198658,-0.170087,
-15,152.5,-0.180451,0.0196695,
-15,155,-0.105536,0.196834,
-15,157.5,-0.0181985,0.336664,
-15,160,0.0745153,0.523565,
-15,162.5,0.201244,0.684872,
-15,165,0.374219,0.717368,
-15,167.5,0.601244,0.628909,
-15,170,0.864442,0.485159,
-15,172.5,1.13133,0.321654,
-15,175,1.37174,0.128627,
-15,177.5,1.56233,-0.0857803,
-15,180,1.66845,-0.250035,
-15,182.5,1.69948,-0.339546,
-15,185,1.70348,-0.433185,
-15,187.5,1.66369,-0.53346,
-15,190,1.5699,-0.61366,
-15,192.5,1.43856,-0.660884,
-15,195,1.29658,-0.684172,
-15,197.5,1.1661,-0.699351,
-15,200,1.06233,-0.707979,
-15,202.5,0.99196,-0.693429,
-15,205,0.906471,-0.660823,
-15,207.5,0.782021,-0.624237,
-15,210,0.660725,-0.553374,
-15,212.5,0.561673,-0.431917,
-15,215,0.470168,-0.297414,
-15,217.5,0.361391,-0.209313,
-15,220,0.236785,-0.189523,
-15,222.5,0.140254,-0.181631,
-15,225,0.110012,-0.0766486,
-15,227.5,0.172724,0.107807,
-15,230,0.329083,0.228314,
-15,232.5,0.518694,0.226821,
-15,235,0.731968,0.196781,
-15,237.5,0.97546,0.168441,
-15,240,1.24235,0.107354,
-15,242.5,1.48538,-0.00931141,
-15,245,1.6331,-0.140382,
-15,247.5,1.73391,-0.220206,
-15,250,1.81624,-0.357541,
-15,252.5,1.80678,-0.554366,
-15,255,1.74781,-0.662032,
-15,257.5,1.77405,-0.692945,
-15,260,1.84115,-0.746314,
-15,262.5,1.83061,-0.9021,
-15,265,1.68581,-1.09346,
-15,267.5,1.42228,-1.09709,
-15,270,1.04358,-0.909947,
-15,272.5,0.924217,-0.758998,
-15,275,0.615524,-0.683211,
-15,277.5,0.0453262,-0.335457,
-15,280,-0.228118,0.034527,
-15,282.5,-0.0884308,-0.033321,
-15,285,0.0255667,-0.340814,
-15,287.5,-0.199772,-0.309578,
-15,290,-0.364015,-0.022015,
-15,292.5,-0.460212,0.370961,
-15,295,-0.757578,0.99703,
-15,297.5,-1.23878,1.55931,
-15,300,-1.24525,1.51907,
-15,302.5,-1.14094,1.22559,
-15,305,-0.984907,0.920936,
-15,307.5,-0.807208,0.670535,
-15,310,-0.78118,0.523399,
-15,312.5,-0.881441,0.536277,
-15,315,-0.913393,0.626718,
-15,317.5,-0.800322,0.752525,
-15,320,-0.603471,0.833411,
-15,322.5,-0.434175,0.835412,
-15,325,-0.315165,0.797461,
-15,327.5,-0.224395,0.754273,
-15,330,-0.13585,0.709933,
-15,332.5,-0.0456717,0.643888,
-15,335,0.0244323,0.532256,
-15,337.5,0.050842,0.368516,
-15,340,0.0276391,0.216907,
-15,342.5,0.0166839,0.138123,
-15,345,0.0471157,0.122416,
-15,347.5,0.0760499,0.140303,
-15,350,0.068045,0.170077,
-15,352.5,0.0522033,0.190968,
-15,355,0.0803679,0.191302,
-15,357.5,0.130772,0.177759,
-12.5,40,0.406684,0.712718,
-12.5,42.5,0.349249,0.560237,
-12.5,45,0.321732,0.438209,
-12.5,47.5,0.245014,0.497151,
-12.5,50,0.270221,0.577874,
-12.5,52.5,0.422385,0.568235,
-12.5,55,0.606243,0.50034,
-12.5,57.5,0.705432,0.415865,
-12.5,60,0.679345,0.346178,
-12.5,62.5,0.591545,0.293613,
-12.5,65,0.544233,0.196648,
-12.5,67.5,0.53389,-0.0419357,
-12.5,70,0.481143,-0.391042,
-12.5,72.5,0.383405,-0.730652,
-12.5,75,0.300288,-0.990861,
-12.5,77.5,0.261737,-1.16419,
-12.5,80,0.251355,-1.25407,
-12.5,82.5,0.254838,-1.26118,
-12.5,85,0.287484,-1.20028,
-12.5,87.5,0.370191,-1.11231,
-12.5,90,0.478781,-1.0093,
-12.5,92.5,0.590161,-0.872191,
-12.5,95,0.685915,-0.776382,
-12.5,97.5,0.707877,-0.754051,
-12.5,100,0.641126,-0.760859,
-12.5,102.5,0.540384,-0.749684,
-12.5,105,0.464683,-0.706257,
-12.5,107.5,0.433208,-0.635948,
-12.5,110,0.44268,-0.528793,
-12.5,112.5,0.51403,-0.367777,
-12.5,115,0.622799,-0.187912,
-12.5,117.5,0.712033,-0.0654015,
-12.5,120,0.813032,-0.035466,
-12.5,122.5,0.93534,-0.0934426,
-12.5,125,1.01163,-0.201506,
-12.5,127.5,0.999618,-0.299716,
-12.5,130,0.935639,-0.332272,
-12.5,132.5,0.869258,-0.280217,
-12.5,135,0.742916,-0.172145,
-12.5,137.5,0.544838,-0.0918757,
-12.5,140,0.389733,-0.087605,
-12.5,142.5,0.30184,-0.116278,
-12.5,145,0.253994,-0.15437,
-12.5,147.5,0.231193,-0.160076,
-12.5,150,0.240069,-0.102758,
-12.5,152.5,0.278747,0.00702239,
-12.5,155,0.313072,0.126917,
-12.5,157.5,0.336817,0.244996,
-12.5,160,0.401057,0.353976,
-12.5,162.5,0.526769,0.414474,
-12.5,165,0.733615,0.375146,
-12.5,167.5,0.992276,0.259736,
-12.5,170,1.23038,0.13113,
-12.5,172.5,1.40455,0.0103698,
-12.5,175,1.52248,-0.128166,
-12.5,177.5,1.59201,-0.281643,
-12.5,180,1.56677,-0.377387,
-12.5,182.5,1.48414,-0.407426,
-12.5,185,1.44849,-0.439426,
-12.5,187.5,1.4477,-0.481626,
-12.5,190,1.4395,-0.528941,
-12.5,192.5,1.40178,-0.569565,
-12.5,195,1.32634,-0.595554,
-12.5,197.5,1.20918,-0.610319,
-12.5,200,1.05802,-0.623336,
-12.5,202.5,0.906614,-0.619762,
-12.5,205,0.740507,-0.574579,
-12.5,207.5,0.545783,-0.51179,
-12.5,210,0.385893,-0.428706,
-12.5,212.5,0.307741,-0.324392,
-12.5,215,0.29524,-0.225224,
-12.5,217.5,0.289545,-0.170599,
-12.5,220,0.244457,-0.174161,
-12.5,222.5,0.170198,-0.190981,
-12.5,225,0.103399,-0.136334,
-12.5,227.5,0.110242,-0.0614144,
-12.5,230,0.195236,-0.051615,
-12.5,232.5,0.329643,-0.113392,
-12.5,235,0.475738,-0.164498,
-12.5,237.5,0.620125,-0.191655,
-12.5,240,0.748516,-0.231204,
-12.5,242.5,0.842504,-0.29817,
-12.5,245,0.909764,-0.355319,
-12.5,247.5,0.990012,-0.379908,
-12.5,250,1.01215,-0.506894,
-12.5,252.5,0.974178,-0.709934,
-12.5,255,0.867477,-0.795585,
-12.5,257.5,0.759445,-0.796858,
-12.5,260,0.72669,-0.819944,
-12.5,262.5,0.724459,-0.933593,
-12.5,265,0.582791,-1.02859,
-12.5,267.5,0.204121,-0.829933,
-12.5,270,-0.0785354,-0.499511,
-12.5,272.5,-0.0317801,-0.288665,
-12.5,275,-0.241367,-0.189223,
-12.5,277.5,-0.542587,-0.047715,
-12.5,280,-0.501226,-0.00450144,
-12.5,282.5,-0.36251,-0.154572,
-12.5,285,-0.346512,-0.214928,
-12.5,287.5,-0.329974,0.0608972,
-12.5,290,-0.387712,0.338905,
-12.5,292.5,-1.1,1.00725,
-12.5,295,-1.54596,1.49385,
-12.5,297.5,-1.44102,1.59976,
-12.5,300,-1.12095,1.32181,
-12.5,302.5,-0.818111,0.966037,
-12.5,305,-0.587511,0.719109,
-12.5,307.5,-0.486102,0.570632,
-12.5,310,-0.571778,0.473405,
-12.5,312.5,-0.733453,0.502338,
-12.5,315,-0.808367,0.64629,
-12.5,317.5,-0.682922,0.739396,
-12.5,320,-0.497457,0.774731,
-12.5,322.5,-0.317796,0.780624,
-12.5,325,-0.190837,0.78953,
-12.5,327.5,-0.114036,0.774399,
-12.5,330,-0.0435521,0.71518,
-12.5,332.5,0.0480277,0.630241,
-12.5,335,0.118834,0.528911,
-12.5,337.5,0.129507,0.362662,
-12.5,340,0.126162,0.204141,
-12.5,342.5,0.16475,0.155445,
-12.5,345,0.2248,0.175425,
-12.5,347.5,0.274963,0.21306,
-12.5,350,0.315447,0.245936,
-12.5,352.5,0.36316,0.261364,
-12.5,355,0.414048,0.240868,
-12.5,357.5,0.429649,0.168072,
-10,40,0.592209,0.558114,
-10,42.5,0.581924,0.475995,
-10,45,0.669385,0.348669,
-10,47.5,0.665382,0.361071,
-10,50,0.690221,0.42275,
-10,52.5,0.78306,0.454893,
-10,55,0.848276,0.465991,
-10,57.5,0.759566,0.465443,
-10,60,0.510992,0.419003,
-10,62.5,0.243295,0.270733,
-10,65,0.121508,0.00824989,
-10,67.5,0.187918,-0.299828,
-10,70,0.352741,-0.629776,
-10,72.5,0.450325,-0.952145,
-10,75,0.465182,-1.19893,
-10,77.5,0.439303,-1.35227,
-10,80,0.391797,-1.41828,
-10,82.5,0.336881,-1.40478,
-10,85,0.306262,-1.33167,
-10,87.5,0.330657,-1.24399,
-10,90,0.383935,-1.13858,
-10,92.5,0.443321,-0.955882,
-10,95,0.522699,-0.791686,
-10,97.5,0.598424,-0.716681,
-10,100,0.643376,-0.703978,
-10,102.5,0.65585,-0.699519,
-10,105,0.650029,-0.672344,
-10,107.5,0.641469,-0.617855,
-10,110,0.645039,-0.530495,
-10,112.5,0.686815,-0.405556,
-10,115,0.747035,-0.252271,
-10,117.5,0.797508,-0.129353,
-10,120,0.854467,-0.0899433,
-10,122.5,0.903388,-0.12096,
-10,125,0.905534,-0.169158,
-10,127.5,0.85461,-0.187907,
-10,130,0.794411,-0.163881,
-10,132.5,0.771891,-0.110903,
-10,135,0.763524,-0.0461921,
-10,137.5,0.737342,-0.0316543,
-10,140,0.683104,-0.107484,
-10,142.5,0.590207,-0.207006,
-10,145,0.509148,-0.265462,
-10,147.5,0.46166,-0.239112,
-10,150,0.452765,-0.148731,
-10,152.5,0.466989,-0.0529654,
-10,155,0.452168,0.0282489,
-10,157.5,0.415424,0.105309,
-10,160,0.47019,0.13341,
-10,162.5,0.610539,0.0944529,
-10,165,0.814799,0.00787972,
-10,167.5,1.0272,-0.078082,
-10,170,1.19072,-0.135705,
-10,172.5,1.29562,-0.18307,
-10,175,1.36842,-0.250474,
-10,177.5,1.4071,-0.322324,
-10,180,1.34904,-0.358193,
-10,182.5,1.20405,-0.395277,
-10,185,1.11366,-0.438787,
-10,187.5,1.07681,-0.467923,
-10,190,1.04942,-0.490461,
-10,192.5,1.01419,-0.509918,
-10,195,0.964813,-0.51129,
-10,197.5,0.885207,-0.481746,
-10,200,0.762969,-0.439852,
-10,202.5,0.635342,-0.404109,
-10,205,0.504256,-0.360411,
-10,207.5,0.341961,-0.320192,
-10,210,0.209511,-0.280319,
-10,212.5,0.162055,-0.236534,
-10,215,0.182124,-0.199146,
-10,217.5,0.214698,-0.188726,
-10,220,0.222884,-0.211314,
-10,222.5,0.208652,-0.236343,
-10,225,0.16869,-0.224095,
-10,227.5,0.152788,-0.225563,
-10,230,0.169448,-0.276551,
-10,232.5,0.221451,-0.354617,
-10,235,0.287687,-0.39734,
-10,237.5,0.351646,-0.403077,
-10,240,0.382992,-0.417888,
-10,242.5,0.361539,-0.471002,
-10,245,0.33234,-0.529068,
-10,247.5,0.379918,-0.547333,
-10,250,0.443658,-0.604828,
-10,252.5,0.396889,-0.730051,
-10,255,0.25613,-0.777233,
-10,257.5,0.113787,-0.754901,
-10,260,0.0141231,-0.756908,
-10,262.5,-0.099132,-0.803138,
-10,265,-0.29656,-0.77676,
-10,267.5,-0.513377,-0.542157,
-10,270,-0.553445,-0.224974,
-10,272.5,-0.509386,-0.0455602,
-10,275,-0.608728,-0.0301546,
-10,277.5,-0.707011,-0.120079,
-10,280,-0.662811,-0.234729,
-10,282.5,-0.563592,-0.195091,
-10,285,-0.655906,0.0242667,
-10,287.5,-1.00644,0.313316,
-10,290,-1.28479,0.668921,
-10,292.5,-1.42334,0.97101,
-10,295,-1.30876,1.32675,
-10,297.5,-0.944555,1.22941,
-10,300,-0.62426,0.840024,
-10,302.5,-0.382263,0.579726,
-10,305,-0.260822,0.509444,
-10,307.5,-0.275802,0.488069,
-10,310,-0.374551,0.453913,
-10,312.5,-0.476878,0.487428,
-10,315,-0.487607,0.626489,
-10,317.5,-0.422947,0.666537,
-10,320,-0.261798,0.702348,
-10,322.5,-0.0881004,0.761893,
-10,325,-0.00443007,0.815061,
-10,327.5,0.0238087,0.793895,
-10,330,0.0817398,0.699946,
-10,332.5,0.189004,0.599156,
-10,335,0.280662,0.502003,
-10,337.5,0.324547,0.324022,
-10,340,0.39922,0.170085,
-10,342.5,0.494084,0.152377,
-10,345,0.566729,0.19603,
-10,347.5,0.634825,0.252259,
-10,350,0.725062,0.304213,
-10,352.5,0.830654,0.317627,
-10,355,0.912271,0.243368,
-10,357.5,0.933737,0.0798151,
-7.5,40,0.841458,0.490252,
-7.5,42.5,0.837002,0.476935,
-7.5,45,0.958275,0.329228,
-7.5,47.5,1.00384,0.28343,
-7.5,50,0.985357,0.292718,
-7.5,52.5,0.9717,0.327264,
-7.5,55,0.895461,0.409715,
-7.5,57.5,0.704528,0.479499,
-7.5,60,0.457831,0.397229,
-7.5,62.5,0.30007,0.0697355,
-7.5,65,0.338324,-0.417929,
-7.5,67.5,0.531584,-0.871339,
-7.5,70,0.787222,-1.21929,
-7.5,72.5,0.999089,-1.48163,
-7.5,75,1.13793,-1.61794,
-7.5,77.5,1.19665,-1.65648,
-7.5,80,1.15964,-1.63751,
-7.5,82.5,1.04298,-1.58308,
-7.5,85,0.903902,-1.50898,
-7.5,87.5,0.789237,-1.43673,
-7.5,90,0.664029,-1.30518,
-7.5,92.5,0.513628,-1.0469,
-7.5,95,0.404442,-0.828052,
-7.5,97.5,0.378962,-0.730409,
-7.5,100,0.434192,-0.705699,
-7.5,102.5,0.533392,-0.680712,
-7.5,105,0.629606,-0.620772,
-7.5,107.5,0.690264,-0.53584,
-7.5,110,0.712819,-0.447162,
-7.5,112.5,0.722015,-0.365987,
-7.5,115,0.717141,-0.25724,
-7.5,117.5,0.724265,-0.164352,
-7.5,120,0.761704,-0.147769,
-7.5,122.5,0.78653,-0.190706,
-7.5,125,0.752867,-0.230217,
-7.5,127.5,0.669083,-0.227639,
-7.5,130,0.593533,-0.197955,
-7.5,132.5,0.570561,-0.177395,
-7.5,135,0.570588,-0.168359,
-7.5,137.5,0.546987,-0.174326,
-7.5,140,0.469491,-0.193952,
-7.5,142.5,0.360318,-0.203844,
-7.5,145,0.304809,-0.205739,
-7.5,147.5,0.291306,-0.176769,
-7.5,150,0.297772,-0.111514,
-7.5,152.5,0.325423,-0.0381268,
-7.5,155,0.340027,0.0162795,
-7.5,157.5,0.341904,0.0430084,
-7.5,160,0.424643,0.00262134,
-7.5,162.5,0.547436,-0.0842828,
-7.5,165,0.668861,-0.170315,
-7.5,167.5,0.770746,-0.214094,
-7.5,170,0.855652,-0.217295,
-7.5,172.5,0.943045,-0.218825,
-7.5,175,1.04199,-0.250046,
-7.5,177.5,1.11415,-0.292759,
-7.5,180,1.07697,-0.319442,
-7.5,182.5,0.917376,-0.35474,
-7.5,185,0.787343,-0.380958,
-7.5,187.5,0.6941,-0.371638,
-7.5,190,0.612368,-0.350835,
-7.5,192.5,0.536672,-0.352476,
-7.5,195,0.471184,-0.368218,
-7.5,197.5,0.405609,-0.359071,
-7.5,200,0.31807,-0.316076,
-7.5,202.5,0.238315,-0.265331,
-7.5,205,0.178914,-0.226579,
-7.5,207.5,0.0973369,-0.19805,
-7.5,210,0.0312903,-0.187605,
-7.5,212.5,0.0240219,-0.191578,
-7.5,215,0.0520748,-0.200816,
-7.5,217.5,0.0696091,-0.213975,
-7.5,220,0.0633711,-0.235802,
-7.5,222.5,0.0577781,-0.263865,
-7.5,225,0.0550296,-0.292819,
-7.5,227.5,0.0468198,-0.334494,
-7.5,230,0.0392062,-0.384867,
-7.5,232.5,0.0377454,-0.441094,
-7.5,235,0.047626,-0.474646,
-7.5,237.5,0.0701283,-0.481752,
-7.5,240,0.076395,-0.495697,
-7.5,242.5,0.0327936,-0.549394,
-7.5,245,-0.0337482,-0.621673,
-7.5,247.5,-0.0278958,-0.645812,
-7.5,250,0.0438877,-0.661181,
-7.5,252.5,0.0451979,-0.713658,
-7.5,255,-0.0512832,-0.735946,
-7.5,257.5,-0.163319,-0.702887,
-7.5,260,-0.25428,-0.670943,
-7.5,262.5,-0.365154,-0.645883,
-7.5,265,-0.512128,-0.548474,
-7.5,267.5,-0.585722,-0.328218,
-7.5,270,-0.534587,-0.0553837,
-7.5,272.5,-0.488365,-0.0455261,
-7.5,275,-0.575374,-0.147009,
-7.5,277.5,-0.576819,-0.252205,
-7.5,280,-0.592656,-0.289283,
-7.5,282.5,-0.65159,-0.123238,
-7.5,285,-0.778194,0.251983,
-7.5,287.5,-0.962121,0.62261,
-7.5,290,-1.03916,0.765645,
-7.5,292.5,-1.05852,0.969114,
-7.5,295,-0.816515,1.03683,
-7.5,297.5,-0.538112,0.794747,
-7.5,300,-0.349645,0.542854,
-7.5,302.5,-0.263303,0.453174,
-7.5,305,-0.239244,0.455667,
-7.5,307.5,-0.228671,0.442109,
-7.5,310,-0.210895,0.40594,
-7.5,312.5,-0.196434,0.402098,
-7.5,315,-0.127175,0.4769,
-7.5,317.5,-0.0753926,0.547657,
-7.5,320,0.0105384,0.674321,
-7.5,322.5,0.0922291,0.815992,
-7.5,325,0.104405,0.873132,
-7.5,327.5,0.113856,0.796661,
-7.5,330,0.195343,0.653482,
-7.5,332.5,0.326107,0.54097,
-7.5,335,0.427157,0.435686,
-7.5,337.5,0.506008,0.254311,
-7.5,340,0.633277,0.118336,
-7.5,342.5,0.731363,0.106487,
-7.5,345,0.784559,0.127332,
-7.5,347.5,0.882854,0.165436,
-7.5,350,1.04,0.216333,
-7.5,352.5,1.18064,0.227064,
-7.5,355,1.24207,0.132656,
-7.5,357.5,1.25673,-0.0458085,
-5,40,0.991527,0.457244,
-5,42.5,1.01641,0.513963,
-5,45,1.06839,0.413028,
-5,47.5,1.17235,0.338568,
-5,50,1.16493,0.321075,
-5,52.5,1.10731,0.319053,
-5,55,0.961291,0.353506,
-5,57.5,0.738985,0.349274,
-5,60,0.592127,0.146037,
-5,62.5,0.681126,-0.345294,
-5,65,0.943055,-0.985849,
-5,67.5,1.15669,-1.5174,
-5,70,1.28373,-1.87408,
-5,72.5,1.44945,-2.09241,
-5,75,1.64098,-2.11637,
-5,77.5,1.75954,-1.99505,
-5,80,1.72554,-1.81926,
-5,82.5,1.55194,-1.6656,
-5,85,1.3252,-1.56377,
-5,87.5,1.11125,-1.47817,
-5,90,0.882628,-1.27008,
-5,92.5,0.597922,-0.919086,
-5,95,0.297045,-0.6788,
-5,97.5,0.0637343,-0.58771,
-5,100,-0.049688,-0.542026,
-5,102.5,-0.0386745,-0.476529,
-5,105,0.0619722,-0.399052,
-5,107.5,0.191623,-0.341179,
-5,110,0.281496,-0.301317,
-5,112.5,0.294251,-0.269862,
-5,115,0.279881,-0.221467,
-5,117.5,0.326345,-0.186169,
-5,120,0.420284,-0.204393,
-5,122.5,0.475614,-0.261344,
-5,125,0.437234,-0.305356,
-5,127.5,0.326437,-0.302424,
-5,130,0.221775,-0.270584,
-5,132.5,0.187647,-0.257398,
-5,135,0.181412,-0.243482,
-5,137.5,0.17203,-0.204636,
-5,140,0.106932,-0.119645,
-5,142.5,0.0502075,-0.0726055,
-5,145,0.042536,-0.105554,
-5,147.5,0.0465839,-0.146938,
-5,150,0.0518655,-0.129983,
-5,152.5,0.0805715,-0.068279,
-5,155,0.0991224,-0.0184299,
-5,157.5,0.103459,-0.0222218,
-5,160,0.163335,-0.0632334,
-5,162.5,0.24044,-0.1051,
-5,165,0.300371,-0.140992,
-5,167.5,0.353229,-0.15415,
-5,170,0.428406,-0.141968,
-5,172.5,0.543093,-0.132944,
-5,175,0.67695,-0.162521,
-5,177.5,0.767522,-0.226127,
-5,180,0.743063,-0.280041,
-5,182.5,0.603732,-0.301203,
-5,185,0.464464,-0.287701,
-5,187.5,0.351348,-0.237856,
-5,190,0.264148,-0.186652,
-5,192.5,0.192487,-0.178101,
-5,195,0.125005,-0.21545,
-5,197.5,0.0491201,-0.257655,
-5,200,-0.0451117,-0.266478,
-5,202.5,-0.127703,-0.244489,
-5,205,-0.170176,-0.223512,
-5,207.5,-0.200386,-0.192465,
-5,210,-0.21556,-0.173618,
-5,212.5,-0.207541,-0.17917,
-5,215,-0.197034,-0.19933,
-5,217.5,-0.206997,-0.215128,
-5,220,-0.235016,-0.221,
-5,222.5,-0.257071,-0.240032,
-5,225,-0.267589,-0.31248,
-5,227.5,-0.282272,-0.402825,
-5,230,-0.292716,-0.449776,
-5,232.5,-0.30029,-0.489119,
-5,235,-0.308798,-0.5356,
-5,237.5,-0.299808,-0.569828,
-5,240,-0.273194,-0.592753,
-5,242.5,-0.263293,-0.636162,
-5,245,-0.295361,-0.708875,
-5,247.5,-0.301306,-0.749589,
-5,250,-0.233317,-0.741539,
-5,252.5,-0.19697,-0.753052,
-5,255,-0.251777,-0.757966,
-5,257.5,-0.331982,-0.711503,
-5,260,-0.392811,-0.638533,
-5,262.5,-0.447201,-0.552912,
-5,265,-0.500076,-0.421247,
-5,267.5,-0.483123,-0.225647,
-5,270,-0.388943,-0.021118,
-5,272.5,-0.392115,-0.0699335,
-5,275,-0.500748,-0.183716,
-5,277.5,-0.446893,-0.239767,
-5,280,-0.496022,-0.162321,
-5,282.5,-0.572214,0.120587,
-5,285,-0.629239,0.529973,
-5,287.5,-0.720627,0.833535,
-5,290,-0.672454,0.877038,
-5,292.5,-0.713252,0.8925,
-5,295,-0.562364,0.718216,
-5,297.5,-0.364488,0.679264,
-5,300,-0.244855,0.587415,
-5,302.5,-0.263587,0.513135,
-5,305,-0.274153,0.47739,
-5,307.5,-0.184517,0.425173,
-5,310,-0.0501744,0.330184,
-5,312.5,0.0868177,0.267471,
-5,315,0.213822,0.278282,
-5,317.5,0.264371,0.384092,
-5,320,0.267778,0.582059,
-5,322.5,0.239446,0.751256,
-5,325,0.204762,0.775507,
-5,327.5,0.231254,0.668169,
-5,330,0.339965,0.531152,
-5,332.5,0.476926,0.43178,
-5,335,0.588621,0.320599,
-5,337.5,0.70837,0.152669,
-5,340,0.854668,0.0429449,
-5,342.5,0.925231,0.0163301,
-5,345,0.969411,-0.000984174,
-5,347.5,1.08024,-0.00110382,
-5,350,1.22236,0.0265451,
-5,352.5,1.31104,0.0372736,
-5,355,1.33134,-0.0340383,
-5,357.5,1.34522,-0.176263,
-2.5,40,1.01971,0.281603,
-2.5,42.5,1.12342,0.470215,
-2.5,45,1.13637,0.512701,
-2.5,47.5,1.2446,0.498213,
-2.5,50,1.32247,0.467648,
-2.5,52.5,1.35618,0.431846,
-2.5,55,1.2888,0.395097,
-2.5,57.5,1.14689,0.264081,
-2.5,60,1.0937,-0.0997588,
-2.5,62.5,1.25141,-0.727835,
-2.5,65,1.4604,-1.42927,
-2.5,67.5,1.46905,-1.94414,
-2.5,70,1.3787,-2.31807,
-2.5,72.5,1.46955,-2.56263,
-2.5,75,1.66946,-2.53201,
-2.5,77.5,1.78586,-2.25095,
-2.5,80,1.71299,-1.88275,
-2.5,82.5,1.47764,-1.59817,
-2.5,85,1.182,-1.45606,
-2.5,87.5,0.910641,-1.35883,
-2.5,90,0.677446,-1.09809,
-2.5,92.5,0.413277,-0.686131,
-2.5,95,0.0601058,-0.428971,
-2.5,97.5,-0.316955,-0.315773,
-2.5,100,-0.633539,-0.21619,
-2.5,102.5,-0.812327,-0.113892,
-2.5,105,-0.812198,-0.0816391,
-2.5,107.5,-0.662553,-0.143605,
-2.5,110,-0.475819,-0.188287,
-2.5,112.5,-0.381743,-0.11291,
-2.5,115,-0.338541,-0.0712512,
-2.5,117.5,-0.226278,-0.126188,
-2.5,120,-0.0794838,-0.206672,
-2.5,122.5,0.00809599,-0.270935,
-2.5,125,-0.00906982,-0.298066,
-2.5,127.5,-0.0933494,-0.282155,
-2.5,130,-0.164651,-0.242249,
-2.5,132.5,-0.179844,-0.219156,
-2.5,135,-0.173868,-0.187827,
-2.5,137.5,-0.146298,-0.11644,
-2.5,140,-0.152162,-0.0051463,
-2.5,142.5,-0.155074,0.0241621,
-2.5,145,-0.155337,-0.0583853,
-2.5,147.5,-0.160854,-0.157171,
-2.5,150,-0.17442,-0.177677,
-2.5,152.5,-0.204103,-0.12117,
-2.5,155,-0.268977,-0.0682608,
-2.5,157.5,-0.338116,-0.0848238,
-2.5,160,-0.332812,-0.0965108,
-2.5,162.5,-0.268887,-0.0647727,
-2.5,165,-0.178455,-0.041922,
-2.5,167.5,-0.0690699,-0.036335,
-2.5,170,0.0639076,-0.0248392,
-2.5,172.5,0.216129,-0.0128236,
-2.5,175,0.359839,-0.042632,
-2.5,177.5,0.44832,-0.134121,
-2.5,180,0.44792,-0.224573,
-2.5,182.5,0.365881,-0.236405,
-2.5,185,0.253097,-0.19622,
-2.5,187.5,0.141127,-0.141566,
-2.5,190,0.0513491,-0.1003,
-2.5,192.5,-0.0156706,-0.0922327,
-2.5,195,-0.0770467,-0.12114,
-2.5,197.5,-0.154816,-0.171936,
-2.5,200,-0.256647,-0.218627,
-2.5,202.5,-0.352012,-0.23944,
-2.5,205,-0.397193,-0.241466,
-2.5,207.5,-0.4123,-0.225175,
-2.5,210,-0.421236,-0.197354,
-2.5,212.5,-0.433599,-0.178111,
-2.5,215,-0.454948,-0.182433,
-2.5,217.5,-0.486903,-0.203233,
-2.5,220,-0.524622,-0.222947,
-2.5,222.5,-0.559199,-0.248579,
-2.5,225,-0.592587,-0.332939,
-2.5,227.5,-0.625833,-0.451102,
-2.5,230,-0.63684,-0.513681,
-2.5,232.5,-0.629635,-0.563599,
-2.5,235,-0.627645,-0.641095,
-2.5,237.5,-0.621967,-0.7139,
-2.5,240,-0.589457,-0.752565,
-2.5,242.5,-0.534689,-0.781024,
-2.5,245,-0.499577,-0.837282,
-2.5,247.5,-0.474164,-0.883891,
-2.5,250,-0.410484,-0.860158,
-2.5,252.5,-0.368888,-0.832805,
-2.5,255,-0.407573,-0.801837,
-2.5,257.5,-0.481481,-0.740486,
-2.5,260,-0.531394,-0.65318,
-2.5,262.5,-0.545584,-0.540959,
-2.5,265,-0.54426,-0.391052,
-2.5,267.5,-0.521123,-0.215658,
-2.5,270,-0.460344,-0.0734143,
-2.5,272.5,-0.494187,-0.0665283,
-2.5,275,-0.563025,-0.077386,
-2.5,277.5,-0.522591,-0.0830275,
-2.5,280,-0.617433,0.0639926,
-2.5,282.5,-0.678724,0.34881,
-2.5,285,-0.615981,0.668264,
-2.5,287.5,-0.54629,0.893797,
-2.5,290,-0.415257,0.888666,
-2.5,292.5,-0.474548,0.782212,
-2.5,295,-0.428373,0.628344,
-2.5,297.5,-0.226644,0.643034,
-2.5,300,-0.114615,0.619777,
-2.5,302.5,-0.140035,0.566285,
-2.5,305,-0.11068,0.474066,
-2.5,307.5,0.0365928,0.342458,
-2.5,310,0.196463,0.207514,
-2.5,312.5,0.372828,0.105455,
-2.5,315,0.507128,0.0797465,
-2.5,317.5,0.550644,0.178744,
-2.5,320,0.512547,0.342875,
-2.5,322.5,0.448157,0.446019,
-2.5,325,0.415158,0.441706,
-2.5,327.5,0.44531,0.382153,
-2.5,330,0.530754,0.32481,
-2.5,332.5,0.64306,0.263628,
-2.5,335,0.770522,0.151872,
-2.5,337.5,0.926606,0.012884,
-2.5,340,1.05134,-0.0594729,
-2.5,342.5,1.09047,-0.0936721,
-2.5,345,1.14041,-0.13434,
-2.5,347.5,1.23279,-0.155474,
-2.5,350,1.29975,-0.136939,
-2.5,352.5,1.31251,-0.129383,
-2.5,355,1.33659,-0.200442,
-2.5,357.5,1.41723,-0.31367,
0,40,1.09968,-0.0188975,
0,42.5,1.15196,0.375477,
0,45,1.19516,0.590428,
0,47.5,1.30308,0.616961,
0,50,1.44353,0.547156,
0,52.5,1.57766,0.51307,
0,55,1.66623,0.466279,
0,57.5,1.69363,0.264872,
0,60,1.70445,-0.193403,
0,62.5,1.72646,-0.85647,
0,65,1.66027,-1.51002,
0,67.5,1.42191,-1.98837,
0,70,1.23169,-2.42782,
0,72.5,1.27717,-2.73183,
0,75,1.40715,-2.68172,
0,77.5,1.41049,-2.28804,
0,80,1.22107,-1.76954,
0,82.5,0.885554,-1.36966,
0,85,0.486799,-1.18798,
0,87.5,0.111637,-1.12098,
0,90,-0.152492,-0.923291,
0,92.5,-0.337558,-0.559305,
0,95,-0.591673,-0.307918,
0,97.5,-0.901525,-0.148776,
0,100,-1.23204,0.047616,
0,102.5,-1.49794,0.229605,
0,105,-1.58507,0.226936,
0,107.5,-1.44716,0.0058854,
0,110,-1.19156,-0.1659,
0,112.5,-0.954933,-0.0504147,
0,115,-0.813887,0.0676603,
0,117.5,-0.673771,-0.0419793,
0,120,-0.539851,-0.180492,
0,122.5,-0.460816,-0.240082,
0,125,-0.437442,-0.226259,
0,127.5,-0.429466,-0.181968,
0,130,-0.407811,-0.136862,
0,132.5,-0.389614,-0.106846,
0,135,-0.383841,-0.0709082,
0,137.5,-0.356565,-0.0157228,
0,140,-0.350841,0.0459224,
0,142.5,-0.357649,0.0310143,
0,145,-0.3692,-0.0664987,
0,147.5,-0.387142,-0.161696,
0,150,-0.435948,-0.169131,
0,152.5,-0.538573,-0.0920375,
0,155,-0.672043,-0.0317824,
0,157.5,-0.781297,-0.0661999,
0,160,-0.793241,-0.0786033,
0,162.5,-0.691849,-0.0246353,
0,165,-0.511055,0.0128563,
0,167.5,-0.300776,0.0171733,
0,170,-0.102497,0.0283772,
0,172.5,0.0595439,0.0552843,
0,175,0.176126,0.0468173,
0,177.5,0.24721,-0.0405131,
0,180,0.282833,-0.143431,
0,182.5,0.273624,-0.157002,
0,185,0.200585,-0.121362,
0,187.5,0.0814565,-0.0941741,
0,190,-0.0404717,-0.0869891,
0,192.5,-0.135329,-0.0880822,
0,195,-0.20568,-0.0916972,
0,197.5,-0.275927,-0.107619,
0,200,-0.3613,-0.144934,
0,202.5,-0.444592,-0.183773,
0,205,-0.479747,-0.199231,
0,207.5,-0.4869,-0.208922,
0,210,-0.513354,-0.199603,
0,212.5,-0.564674,-0.173064,
0,215,-0.62136,-0.160379,
0,217.5,-0.670664,-0.186065,
0,220,-0.715946,-0.237303,
0,222.5,-0.760798,-0.278529,
0,225,-0.799968,-0.336916,
0,227.5,-0.830741,-0.450782,
0,230,-0.84106,-0.541736,
0,232.5,-0.828237,-0.618739,
0,235,-0.813986,-0.719935,
0,237.5,-0.800798,-0.823164,
0,240,-0.766672,-0.890356,
0,242.5,-0.69674,-0.923999,
0,245,-0.615937,-0.962021,
0,247.5,-0.552517,-0.985615,
0,250,-0.499335,-0.941025,
0,252.5,-0.473079,-0.885343,
0,255,-0.492362,-0.826414,
0,257.5,-0.54331,-0.752946,
0,260,-0.586756,-0.66113,
0,262.5,-0.605339,-0.53902,
0,265,-0.622662,-0.377973,
0,267.5,-0.671418,-0.210248,
0,270,-0.732021,-0.101597,
0,272.5,-0.803791,-0.0265635,
0,275,-0.819654,0.0900184,
0,277.5,-0.783389,0.167074,
0,280,-0.873575,0.300243,
0,282.5,-0.867557,0.483965,
0,285,-0.661276,0.668716,
0,287.5,-0.433862,0.812273,
0,290,-0.265554,0.84493,
0,292.5,-0.27728,0.729728,
0,295,-0.250248,0.656732,
0,297.5,-0.0693657,0.645426,
0,300,0.07144,0.617459,
0,302.5,0.132842,0.539276,
0,305,0.198543,0.39135,
0,307.5,0.304186,0.207291,
0,310,0.421434,0.0476986,
0,312.5,0.568139,-0.0700995,
0,315,0.691922,-0.108898,
0,317.5,0.750479,-0.0544668,
0,320,0.744053,0.0106841,
0,322.5,0.724662,0.0274896,
0,325,0.718904,0.0278324,
0,327.5,0.724726,0.0547082,
0,330,0.749408,0.0891215,
0,332.5,0.818127,0.0679555,
0,335,0.940922,-0.0246616,
0,337.5,1.08433,-0.111738,
0,340,1.14976,-0.137099,
0,342.5,1.16216,-0.161188,
0,345,1.20866,-0.214774,
0,347.5,1.257,-0.244033,
0,350,1.24519,-0.221923,
0,352.5,1.21811,-0.228959,
0,355,1.29441,-0.346663,
0,357.5,1.46349,-0.472744,
2.5,40,1.1867,-0.334273,
2.5,42.5,0.973948,0.218334,
2.5,45,1.09166,0.584358,
2.5,47.5,1.30634,0.602702,
2.5,50,1.46684,0.48228,
2.5,52.5,1.59557,0.427073,
2.5,55,1.75568,0.383857,
2.5,57.5,1.92096,0.199239,
2.5,60,1.99944,-0.197695,
2.5,62.5,1.91159,-0.733297,
2.5,65,1.65644,-1.27629,
2.5,67.5,1.33105,-1.78454,
2.5,70,1.14571,-2.29481,
2.5,72.5,1.09036,-2.59461,
2.5,75,0.991911,-2.50348,
2.5,77.5,0.737884,-2.06775,
2.5,80,0.351306,-1.48756,
2.5,82.5,-0.121021,-1.00038,
2.5,85,-0.657404,-0.765225,
2.5,87.5,-1.19325,-0.772787,
2.5,90,-1.57761,-0.787577,
2.5,92.5,-1.75192,-0.629541,
2.5,95,-1.88924,-0.448331,
2.5,97.5,-2.01796,-0.234634,
2.5,100,-2.14811,0.098656,
2.5,102.5,-2.25271,0.41077,
2.5,105,-2.25368,0.426623,
2.5,107.5,-2.09691,0.0860805,
2.5,110,-1.84095,-0.225249,
2.5,112.5,-1.52296,-0.168572,
2.5,115,-1.26033,0.0397806,
2.5,117.5,-1.04945,-0.0296973,
2.5,120,-0.900189,-0.171039,
2.5,122.5,-0.808781,-0.227481,
2.5,125,-0.721404,-0.193359,
2.5,127.5,-0.607629,-0.127408,
2.5,130,-0.505009,-0.0687297,
2.5,132.5,-0.474675,-0.0264753,
2.5,135,-0.48626,0.00595375,
2.5,137.5,-0.494599,0.0256137,
2.5,140,-0.547701,0.030222,
2.5,142.5,-0.628818,-0.0135032,
2.5,145,-0.691234,-0.0926443,
2.5,147.5,-0.731109,-0.134694,
2.5,150,-0.780926,-0.0823681,
2.5,152.5,-0.857244,0.03295,
2.5,155,-0.923131,0.0941414,
2.5,157.5,-0.952207,0.0380706,
2.5,160,-0.914533,-0.00750395,
2.5,162.5,-0.767346,0.00294325,
2.5,165,-0.530835,0.000789775,
2.5,167.5,-0.268268,-0.0138563,
2.5,170,-0.0480916,0.00278749,
2.5,172.5,0.0918188,0.0532137,
2.5,175,0.15884,0.0788727,
2.5,177.5,0.193305,0.0299239,
2.5,180,0.236251,-0.0520466,
2.5,182.5,0.264465,-0.0807345,
2.5,185,0.219244,-0.0733117,
2.5,187.5,0.103643,-0.0704463,
2.5,190,-0.0351177,-0.0789493,
2.5,192.5,-0.154563,-0.0826942,
2.5,195,-0.243094,-0.0706619,
2.5,197.5,-0.315022,-0.0546507,
2.5,200,-0.38506,-0.0601938,
2.5,202.5,-0.451787,-0.0852166,
2.5,205,-0.471467,-0.100404,
2.5,207.5,-0.466729,-0.123534,
2.5,210,-0.503489,-0.140622,
2.5,212.5,-0.582503,-0.130901,
2.5,215,-0.664059,-0.114459,
2.5,217.5,-0.729066,-0.130245,
2.5,220,-0.793112,-0.184019,
2.5,222.5,-0.864293,-0.229154,
2.5,225,-0.909939,-0.266516,
2.5,227.5,-0.921997,-0.359316,
2.5,230,-0.934821,-0.459821,
2.5,232.5,-0.935222,-0.559699,
2.5,235,-0.918728,-0.680889,
2.5,237.5,-0.878066,-0.810516,
2.5,240,-0.806798,-0.912141,
2.5,242.5,-0.71086,-0.967283,
2.5,245,-0.61629,-0.994336,
2.5,247.5,-0.556956,-0.985065,
2.5,250,-0.518246,-0.925421,
2.5,252.5,-0.490939,-0.870011,
2.5,255,-0.478026,-0.807368,
2.5,257.5,-0.49511,-0.713119,
2.5,260,-0.543273,-0.593117,
2.5,262.5,-0.611189,-0.454068,
2.5,265,-0.699864,-0.295305,
2.5,267.5,-0.836303,-0.140419,
2.5,270,-1.01551,-0.0525961,
2.5,272.5,-1.1411,0.0362522,
2.5,275,-1.13281,0.211219,
2.5,277.5,-1.0388,0.34925,
2.5,280,-1.03839,0.44864,
2.5,282.5,-0.936114,0.53933,
2.5,285,-0.617637,0.611593,
2.5,287.5,-0.280015,0.664348,
2.5,290,-0.122726,0.748036,
2.5,292.5,-0.0594248,0.650861,
2.5,295,0.0037197,0.584396,
2.5,297.5,0.0982511,0.584295,
2.5,300,0.249998,0.516469,
2.5,302.5,0.358817,0.383377,
2.5,305,0.410638,0.223686,
2.5,307.5,0.454576,0.0579694,
2.5,310,0.531205,-0.0969816,
2.5,312.5,0.644011,-0.196313,
2.5,315,0.771927,-0.242558,
2.5,317.5,0.88183,-0.251294,
2.5,320,0.957795,-0.267756,
2.5,322.5,1.01449,-0.286006,
2.5,325,1.03368,-0.254065,
2.5,327.5,1.00421,-0.16569,
2.5,330,0.964094,-0.0864191,
2.5,332.5,0.974656,-0.0863306,
2.5,335,1.04526,-0.142968,
2.5,337.5,1.11481,-0.168829,
2.5,340,1.11936,-0.156647,
2.5,342.5,1.10963,-0.161572,
2.5,345,1.12206,-0.206368,
2.5,347.5,1.11157,-0.234046,
2.5,350,1.05267,-0.226018,
2.5,352.5,1.01331,-0.258788,
2.5,355,1.08969,-0.390403,
2.5,357.5,1.24104,-0.497322,
5,40,0.982234,-0.471872,
5,42.5,0.604095,-0.0403544,
5,45,0.800697,0.383864,
5,47.5,1.21285,0.433619,
5,50,1.40457,0.328656,
5,52.5,1.4696,0.219252,
5,55,1.56213,0.110557,
5,57.5,1.73013,-0.040603,
5,60,1.86223,-0.259125,
5,62.5,1.80955,-0.562286,
5,65,1.57485,-0.997758,
5,67.5,1.29286,-1.56211,
5,70,1.07043,-2.03119,
5,72.5,0.772754,-2.18666,
5,75,0.280772,-2.03125,
5,77.5,-0.339506,-1.64152,
5,80,-0.965027,-1.08891,
5,82.5,-1.56695,-0.526378,
5,85,-2.20095,-0.200094,
5,87.5,-2.85304,-0.288664,
5,90,-3.35792,-0.616019,
5,92.5,-3.58279,-0.787822,
5,95,-3.67906,-0.740595,
5,97.5,-3.68773,-0.469403,
5,100,-3.58813,0.00409443,
5,102.5,-3.40427,0.429009,
5,105,-3.18592,0.47737,
5,107.5,-2.97154,0.0890919,
5,110,-2.76378,-0.335475,
5,112.5,-2.47195,-0.423856,
5,115,-2.04951,-0.221658,
5,117.5,-1.61263,-0.182568,
5,120,-1.2896,-0.24363,
5,122.5,-1.0826,-0.289633,
5,125,-0.917276,-0.27143,
5,127.5,-0.755234,-0.194377,
5,130,-0.638808,-0.0929953,
5,132.5,-0.623901,-0.0202444,
5,135,-0.642494,0.00801878,
5,137.5,-0.673056,0.0260908,
5,140,-0.797198,0.0281425,
5,142.5,-0.978205,-0.0162729,
5,145,-1.11843,-0.0794035,
5,147.5,-1.166,-0.0859453,
5,150,-1.13393,-0.000917701,
5,152.5,-1.05419,0.118405,
5,155,-0.930984,0.163789,
5,157.5,-0.798338,0.111982,
5,160,-0.684351,0.0558266,
5,162.5,-0.535208,0.013705,
5,165,-0.338073,-0.0393933,
5,167.5,-0.120864,-0.0707378,
5,170,0.0607255,-0.0470414,
5,172.5,0.165306,0.0135046,
5,175,0.19476,0.0553519,
5,177.5,0.190435,0.0485111,
5,180,0.199464,0.0045409,
5,182.5,0.210702,-0.0482556,
5,185,0.176465,-0.0761984,
5,187.5,0.100979,-0.0730892,
5,190,0.00797771,-0.0573957,
5,192.5,-0.0850449,-0.0419713,
5,195,-0.171885,-0.0249479,
5,197.5,-0.253091,-0.00367814,
5,200,-0.329714,0.00810288,
5,202.5,-0.400003,0.00143136,
5,205,-0.414589,-0.00476437,
5,207.5,-0.398127,-0.0161474,
5,210,-0.42664,-0.0355042,
5,212.5,-0.507914,-0.0411516,
5,215,-0.597047,-0.0279705,
5,217.5,-0.674799,-0.0173102,
5,220,-0.767551,-0.031545,
5,222.5,-0.888174,-0.0641212,
5,225,-0.977557,-0.110969,
5,227.5,-1.00454,-0.183903,
5,230,-1.04607,-0.265451,
5,232.5,-1.088,-0.374684,
5,235,-1.09036,-0.521783,
5,237.5,-1.02315,-0.680815,
5,240,-0.895035,-0.808631,
5,242.5,-0.752585,-0.878281,
5,245,-0.651007,-0.89511,
5,247.5,-0.620105,-0.863574,
5,250,-0.593424,-0.808821,
5,252.5,-0.549435,-0.781367,
5,255,-0.519909,-0.729645,
5,257.5,-0.539524,-0.599137,
5,260,-0.622368,-0.423998,
5,262.5,-0.745719,-0.263184,
5,265,-0.877147,-0.13498,
5,267.5,-1.0198,-0.0260567,
5,270,-1.1895,0.0266576,
5,272.5,-1.31772,0.0813593,
5,275,-1.28616,0.223673,
5,277.5,-1.10936,0.343318,
5,280,-0.984804,0.437739,
5,282.5,-0.840123,0.51746,
5,285,-0.525287,0.562093,
5,287.5,-0.12641,0.570113,
5,290,0.0436114,0.589022,
5,292.5,0.143977,0.456037,
5,295,0.204642,0.361673,
5,297.5,0.211103,0.361405,
5,300,0.308884,0.277334,
5,302.5,0.373042,0.155743,
5,305,0.412037,0.0433512,
5,307.5,0.477186,-0.0623471,
5,310,0.568726,-0.162071,
5,312.5,0.687008,-0.216498,
5,315,0.834845,-0.274283,
5,317.5,1.00168,-0.324683,
5,320,1.14466,-0.354817,
5,322.5,1.24805,-0.359945,
5,325,1.27004,-0.308985,
5,327.5,1.20336,-0.215726,
5,330,1.10192,-0.14277,
5,332.5,1.03517,-0.136939,
5,335,1.00929,-0.160328,
5,337.5,0.971943,-0.146707,
5,340,0.931939,-0.122787,
5,342.5,0.908066,-0.113936,
5,345,0.879888,-0.127721,
5,347.5,0.831193,-0.154046,
5,350,0.773532,-0.19236,
5,352.5,0.728924,-0.250797,
5,355,0.712718,-0.316031,
5,357.5,0.724181,-0.330728,
7.5,40,0.439976,-0.338534,
7.5,42.5,0.356783,-0.339867,
7.5,45,0.624819,-0.0476195,
7.5,47.5,1.10639,0.0814024,
7.5,50,1.33644,0.123147,
7.5,52.5,1.44313,0.0556726,
7.5,55,1.45911,-0.154138,
7.5,57.5,1.50135,-0.347545,
7.5,60,1.57037,-0.434178,
7.5,62.5,1.52157,-0.547813,
7.5,65,1.2899,-0.884295,
7.5,67.5,0.977453,-1.36256,
7.5,70,0.627243,-1.57441,
7.5,72.5,0.011399,-1.48666,
7.5,75,-0.897723,-1.31987,
7.5,77.5,-1.87613,-1.06755,
7.5,80,-2.74578,-0.586826,
7.5,82.5,-3.45863,0.0607263,
7.5,85,-4.07604,0.501362,
7.5,87.5,-4.6743,0.338968,
7.5,90,-5.12897,-0.312488,
7.5,92.5,-5.30652,-0.831148,
7.5,95,-5.35299,-0.933418,
7.5,97.5,-5.30739,-0.620372,
7.5,100,-5.11788,-0.0672707,
7.5,102.5,-4.81371,0.383599,
7.5,105,-4.50188,0.434018,
7.5,107.5,-4.27723,0.0558613,
7.5,110,-4.12285,-0.448537,
7.5,112.5,-3.86539,-0.723829,
7.5,115,-3.27221,-0.698798,
7.5,117.5,-2.52217,-0.597602,
7.5,120,-1.90698,-0.507764,
7.5,122.5,-1.51347,-0.458798,
7.5,125,-1.29053,-0.406583,
7.5,127.5,-1.15321,-0.295328,
7.5,130,-1.06777,-0.141824,
7.5,132.5,-1.05589,-0.0510502,
7.5,135,-1.04986,-0.0365882,
7.5,137.5,-1.06208,0.0300428,
7.5,140,-1.19855,0.0979847,
7.5,142.5,-1.40594,0.0801784,
7.5,145,-1.53692,0.000124198,
7.5,147.5,-1.51343,-0.0554987,
7.5,150,-1.35276,-0.040679,
7.5,152.5,-1.11257,0.00847261,
7.5,155,-0.83441,0.0281172,
7.5,157.5,-0.589131,0.024975,
7.5,160,-0.439103,0.0234571,
7.5,162.5,-0.333121,-0.0147879,
7.5,165,-0.236871,-0.074232,
7.5,167.5,-0.13702,-0.0982467,
7.5,170,-0.0451591,-0.0740475,
7.5,172.5,0.019625,-0.0362137,
7.5,175,0.0473939,-0.0183214,
7.5,177.5,0.0444601,-0.0119587,
7.5,180,0.0355641,-0.0221248,
7.5,182.5,0.0282449,-0.0871158,
7.5,185,0.00582435,-0.140469,
7.5,187.5,-0.0165147,-0.126927,
7.5,190,-0.0360844,-0.0738961,
7.5,192.5,-0.0682914,-0.0271062,
7.5,195,-0.1225,0.000290706,
7.5,197.5,-0.192699,0.0222031,
7.5,200,-0.269421,0.0368364,
7.5,202.5,-0.341323,0.0280259,
7.5,205,-0.35532,0.0283827,
7.5,207.5,-0.32976,0.0419727,
7.5,210,-0.344001,0.0441595,
7.5,212.5,-0.414604,0.03954,
7.5,215,-0.500373,0.0513853,
7.5,217.5,-0.582886,0.0856821,
7.5,220,-0.694856,0.115841,
7.5,222.5,-0.863159,0.104758,
7.5,225,-1.02774,0.0515316,
7.5,227.5,-1.13464,-0.00270997,
7.5,230,-1.2513,-0.0599387,
7.5,232.5,-1.37541,-0.164639,
7.5,235,-1.44227,-0.323409,
7.5,237.5,-1.40943,-0.497508,
7.5,240,-1.29317,-0.634533,
7.5,242.5,-1.15399,-0.701236,
7.5,245,-1.05106,-0.697268,
7.5,247.5,-1.00859,-0.64745,
7.5,250,-0.977737,-0.615591,
7.5,252.5,-0.933035,-0.624897,
7.5,255,-0.914265,-0.582919,
7.5,257.5,-0.966434,-0.418529,
7.5,260,-1.07774,-0.204248,
7.5,262.5,-1.18628,-0.0531457,
7.5,265,-1.23995,0.00363661,
7.5,267.5,-1.2532,0.0297672,
7.5,270,-1.26339,0.0349861,
7.5,272.5,-1.27949,0.0457521,
7.5,275,-1.17955,0.116964,
7.5,277.5,-0.95185,0.195972,
7.5,280,-0.749475,0.273319,
7.5,282.5,-0.628171,0.376737,
7.5,285,-0.438493,0.490345,
7.5,287.5,-0.0887312,0.52853,
7.5,290,0.15803,0.414201,
7.5,292.5,0.242672,0.23126,
7.5,295,0.22385,0.128486,
7.5,297.5,0.189885,0.0991606,
7.5,300,0.20543,0.0701639,
7.5,302.5,0.25768,0.0186559,
7.5,305,0.343671,-0.0507993,
7.5,307.5,0.465081,-0.110244,
7.5,310,0.607904,-0.139933,
7.5,312.5,0.75055,-0.16795,
7.5,315,0.910168,-0.232243,
7.5,317.5,1.0913,-0.262032,
7.5,320,1.23146,-0.252084,
7.5,322.5,1.31606,-0.246444,
7.5,325,1.30721,-0.217668,
7.5,327.5,1.19895,-0.157482,
7.5,330,1.04239,-0.0989465,
7.5,332.5,0.902219,-0.0771319,
7.5,335,0.78439,-0.0771654,
7.5,337.5,0.653833,-0.0603211,
7.5,340,0.568,-0.0458788,
7.5,342.5,0.539954,-0.0383454,
7.5,345,0.513703,-0.0419344,
7.5,347.5,0.491348,-0.0927867,
7.5,350,0.492526,-0.181077,
7.5,352.5,0.477712,-0.249427,
7.5,355,0.393417,-0.248247,
7.5,357.5,0.295282,-0.192217,
10,40,0.248003,-0.279106,
10,42.5,0.476675,-0.506558,
10,45,0.820106,-0.513843,
10,47.5,1.04832,-0.481078,
10,50,1.21038,-0.202223,
10,52.5,1.5111,-0.0606508,
10,55,1.55313,-0.272176,
10,57.5,1.41464,-0.557057,
10,60,1.27417,-0.658285,
10,62.5,1.05391,-0.685776,
10,65,0.619617,-0.884695,
10,67.5,0.142387,-1.04476,
10,70,-0.348818,-0.797429,
10,72.5,-1.17246,-0.557844,
10,75,-2.30284,-0.47541,
10,77.5,-3.50319,-0.365118,
10,80,-4.65164,0.115036,
10,82.5,-5.54387,0.888329,
10,85,-6.03327,1.37317,
10,87.5,-6.35734,1.04843,
10,90,-6.48594,0.10604,
10,92.5,-6.38459,-0.693989,
10,95,-6.23871,-0.943989,
10,97.5,-6.09559,-0.6368,
10,100,-5.89862,-0.0810518,
10,102.5,-5.66474,0.340091,
10,105,-5.46315,0.402553,
10,107.5,-5.3457,0.104698,
10,110,-5.28516,-0.421732,
10,112.5,-5.08435,-0.954769,
10,115,-4.4934,-1.3106,
10,117.5,-3.62766,-1.31857,
10,120,-2.8507,-1.0521,
10,122.5,-2.35247,-0.723826,
10,125,-2.11072,-0.458088,
10,127.5,-1.99905,-0.2642,
10,130,-1.91662,-0.132292,
10,132.5,-1.84578,-0.107872,
10,135,-1.77431,-0.136024,
10,137.5,-1.71381,-0.0196567,
10,140,-1.72966,0.13122,
10,142.5,-1.78509,0.148897,
10,145,-1.77487,0.0339047,
10,147.5,-1.64577,-0.114292,
10,150,-1.4166,-0.2148,
10,152.5,-1.14111,-0.255587,
10,155,-0.866902,-0.25405,
10,157.5,-0.652844,-0.198285,
10,160,-0.526694,-0.119624,
10,162.5,-0.457005,-0.0981807,
10,165,-0.438484,-0.109344,
10,167.5,-0.454152,-0.102596,
10,170,-0.46863,-0.0847365,
10,172.5,-0.455765,-0.09158,
10,175,-0.417978,-0.126228,
10,177.5,-0.377248,-0.139801,
10,180,-0.340238,-0.128359,
10,182.5,-0.306045,-0.162154,
10,185,-0.295994,-0.201126,
10,187.5,-0.292179,-0.181404,
10,190,-0.28579,-0.123744,
10,192.5,-0.290356,-0.0746622,
10,195,-0.313963,-0.0453629,
10,197.5,-0.349809,-0.015443,
10,200,-0.392825,0.012309,
10,202.5,-0.438309,0.000317916,
10,205,-0.452176,-0.0161959,
10,207.5,-0.437639,0.00578896,
10,210,-0.453688,0.0305605,
10,212.5,-0.515413,0.0310125,
10,215,-0.590185,0.0314075,
10,217.5,-0.660963,0.0657413,
10,220,-0.757923,0.126385,
10,222.5,-0.922338,0.157639,
10,225,-1.12936,0.128786,
10,227.5,-1.3204,0.104257,
10,230,-1.52295,0.0854614,
10,232.5,-1.73076,0.010071,
10,235,-1.89947,-0.123995,
10,237.5,-1.9921,-0.277001,
10,240,-2.00983,-0.399249,
10,242.5,-1.98319,-0.452781,
10,245,-1.93666,-0.426453,
10,247.5,-1.87849,-0.375047,
10,250,-1.78716,-0.385541,
10,252.5,-1.69417,-0.418963,
10,255,-1.64814,-0.370735,
10,257.5,-1.66526,-0.204295,
10,260,-1.69803,-0.028828,
10,262.5,-1.67456,0.0366569,
10,265,-1.56236,-0.0105363,
10,267.5,-1.40175,-0.0664657,
10,270,-1.24507,-0.0945931,
10,272.5,-1.10439,-0.115941,
10,275,-0.896748,-0.0948432,
10,277.5,-0.628676,-0.0234426,
10,280,-0.416924,0.0452985,
10,282.5,-0.305355,0.12011,
10,285,-0.191118,0.209656,
10,287.5,0.0285685,0.253053,
10,290,0.243412,0.163302,
10,292.5,0.271058,0.0482777,
10,295,0.187933,0.00215808,
10,297.5,0.135887,0.00543365,
10,300,0.164726,-0.00264878,
10,302.5,0.2364,-0.0421952,
10,305,0.33246,-0.0881156,
10,307.5,0.444539,-0.113157,
10,310,0.557432,-0.125047,
10,312.5,0.66529,-0.16011,
10,315,0.792464,-0.211588,
10,317.5,0.932974,-0.200594,
10,320,1.01028,-0.170002,
10,322.5,1.02252,-0.169435,
10,325,0.967095,-0.161313,
10,327.5,0.850895,-0.112989,
10,330,0.708571,-0.0359865,
10,332.5,0.578156,0.0315236,
10,335,0.454483,0.069126,
10,337.5,0.312387,0.0818648,
10,340,0.214171,0.0780249,
10,342.5,0.178539,0.0669568,
10,345,0.174747,0.023354,
10,347.5,0.210441,-0.0704774,
10,350,0.300081,-0.172761,
10,352.5,0.373781,-0.231758,
10,355,0.336387,-0.230214,
10,357.5,0.235786,-0.182004,
12.5,40,0.405868,0.0558132,
12.5,42.5,0.851697,-0.255559,
12.5,45,0.898021,-0.88995,
12.5,47.5,0.801526,-1.07662,
12.5,50,0.655283,-0.594274,
12.5,52.5,0.868708,-0.213163,
12.5,55,0.942704,-0.359853,
12.5,57.5,0.809129,-0.705343,
12.5,60,0.599275,-0.878728,
12.5,62.5,0.231996,-0.894528,
12.5,65,-0.476679,-0.862132,
12.5,67.5,-1.16928,-0.526167,
12.5,70,-1.66394,0.00778088,
12.5,72.5,-2.44893,0.277421,
12.5,75,-3.40692,0.360255,
12.5,77.5,-4.69146,0.483789,
12.5,80,-6.19085,1.1343,
12.5,82.5,-7.24201,2.05146,
12.5,85,-7.39988,2.33313,
12.5,87.5,-7.30398,1.6629,
12.5,90,-6.91948,0.46083,
12.5,92.5,-6.32044,-0.58616,
12.5,95,-5.84601,-0.926829,
12.5,97.5,-5.54913,-0.612557,
12.5,100,-5.34536,-0.0273266,
12.5,102.5,-5.1848,0.415064,
12.5,105,-5.10375,0.526028,
12.5,107.5,-5.1535,0.337312,
12.5,110,-5.26647,-0.113315,
12.5,112.5,-5.1827,-0.892736,
12.5,115,-4.89563,-1.77703,
12.5,117.5,-4.40194,-2.10054,
12.5,120,-3.89007,-1.73667,
12.5,122.5,-3.53004,-1.05579,
12.5,125,-3.31247,-0.465983,
12.5,127.5,-3.14739,-0.162724,
12.5,130,-2.9829,-0.121908,
12.5,132.5,-2.82624,-0.233308,
12.5,135,-2.67345,-0.333439,
12.5,137.5,-2.47526,-0.226469,
12.5,140,-2.27122,-0.0530986,
12.5,142.5,-2.08028,-0.00705629,
12.5,145,-1.86809,-0.118626,
12.5,147.5,-1.63454,-0.295554,
12.5,150,-1.41226,-0.436144,
12.5,152.5,-1.22834,-0.496982,
12.5,155,-1.07981,-0.481373,
12.5,157.5,-0.972213,-0.398192,
12.5,160,-0.895623,-0.287255,
12.5,162.5,-0.855528,-0.211697,
12.5,165,-0.873142,-0.16098,
12.5,167.5,-0.939366,-0.117344,
12.5,170,-1.00953,-0.10284,
12.5,172.5,-1.0371,-0.143105,
12.5,175,-1.00388,-0.217762,
12.5,177.5,-0.924991,-0.256824,
12.5,180,-0.827081,-0.231926,
12.5,182.5,-0.73175,-0.202903,
12.5,185,-0.676316,-0.182657,
12.5,187.5,-0.65916,-0.153902,
12.5,190,-0.660973,-0.125402,
12.5,192.5,-0.673065,-0.108958,
12.5,195,-0.691526,-0.0949498,
12.5,197.5,-0.711734,-0.0632689,
12.5,200,-0.735107,-0.0214181,
12.5,202.5,-0.77752,-0.0166154,
12.5,205,-0.822891,-0.0421569,
12.5,207.5,-0.855291,-0.0405398,
12.5,210,-0.89062,-0.0188767,
12.5,212.5,-0.937766,-0.0125507,
12.5,215,-0.982417,-0.015278,
12.5,217.5,-1.02381,0.00947947,
12.5,220,-1.08686,0.0799845,
12.5,222.5,-1.19248,0.160452,
12.5,225,-1.32917,0.193556,
12.5,227.5,-1.50157,0.205194,
12.5,230,-1.69816,0.221122,
12.5,232.5,-1.88701,0.196345,
12.5,235,-2.06786,0.116468,
12.5,237.5,-2.24226,0.00791761,
12.5,240,-2.39742,-0.0921586,
12.5,242.5,-2.4988,-0.15759,
12.5,245,-2.50621,-0.178024,
12.5,247.5,-2.44825,-0.178701,
12.5,250,-2.30929,-0.196471,
12.5,252.5,-2.1603,-0.194033,
12.5,255,-2.04221,-0.152653,
12.5,257.5,-1.92379,-0.0876331,
12.5,260,-1.77027,-0.0584319,
12.5,262.5,-1.58194,-0.102447,
12.5,265,-1.39126,-0.190058,
12.5,267.5,-1.22608,-0.250832,
12.5,270,-1.06593,-0.27304,
12.5,272.5,-0.871661,-0.317526,
12.5,275,-0.615468,-0.337762,
12.5,277.5,-0.352299,-0.264959,
12.5,280,-0.190801,-0.142283,
12.5,282.5,-0.121824,-0.0532523,
12.5,285,-0.0346837,-0.0281933,
12.5,287.5,0.136069,-0.0330227,
12.5,290,0.284052,-0.0361335,
12.5,292.5,0.268669,-0.0406534,
12.5,295,0.167989,-0.0248555,
12.5,297.5,0.146258,-0.00894615,
12.5,300,0.195248,-0.0208895,
12.5,302.5,0.256244,-0.052748,
12.5,305,0.299884,-0.0809319,
12.5,307.5,0.327921,-0.099978,
12.5,310,0.346893,-0.128596,
12.5,312.5,0.355362,-0.181484,
12.5,315,0.378084,-0.235172,
12.5,317.5,0.403955,-0.227491,
12.5,320,0.396982,-0.214097,
12.5,322.5,0.357441,-0.214002,
12.5,325,0.30305,-0.194214,
12.5,327.5,0.253436,-0.130879,
12.5,330,0.22741,-0.0323809,
12.5,332.5,0.233326,0.0730598,
12.5,335,0.254071,0.163126,
12.5,337.5,0.249434,0.218713,
12.5,340,0.224316,0.226643,
12.5,342.5,0.204421,0.210397,
12.5,345,0.195605,0.154207,
12.5,347.5,0.222633,0.0285527,
12.5,350,0.327555,-0.111513,
12.5,352.5,0.466364,-0.202132,
12.5,355,0.53384,-0.2227,
12.5,357.5,0.512278,-0.170956,
15,40,0.948344,0.611888,
15,42.5,0.776471,0.00929893,
15,45,0.370562,-0.837615,
15,47.5,0.167601,-1.30892,
15,50,-0.516595,-1.13874,
15,52.5,-0.838496,-0.767763,
15,55,-0.848928,-0.750056,
15,57.5,-0.721272,-0.87193,
15,60,-0.716844,-0.883979,
15,62.5,-1.10509,-0.867777,
15,65,-1.86622,-0.771411,
15,67.5,-2.61389,-0.160842,
15,70,-3.12928,0.580499,
15,72.5,-3.74538,0.889336,
15,75,-4.54957,1.06817,
15,77.5,-5.7783,1.55119,
15,80,-6.86918,2.43547,
15,82.5,-7.14555,3.09008,
15,85,-6.65418,2.7706,
15,87.5,-6.11665,1.63968,
15,90,-5.39381,0.0684479,
15,92.5,-4.54885,-1.16567,
15,95,-3.94944,-1.52366,
15,97.5,-3.64618,-1.00759,
15,100,-3.50003,-0.155554,
15,102.5,-3.47968,0.479472,
15,105,-3.63953,0.723435,
15,107.5,-3.92718,0.694197,
15,110,-4.08024,0.373788,
15,112.5,-3.98165,-0.526775,
15,115,-4.06826,-1.78847,
15,117.5,-4.24697,-2.40149,
15,120,-4.36284,-2.07338,
15,122.5,-4.35475,-1.23839,
15,125,-4.19938,-0.484957,
15,127.5,-3.94257,-0.134944,
15,130,-3.6777,-0.154925,
15,132.5,-3.45607,-0.343734,
15,135,-3.23906,-0.503954,
15,137.5,-2.92693,-0.485191,
15,140,-2.55696,-0.37786,
15,142.5,-2.19682,-0.325811,
15,145,-1.88076,-0.383478,
15,147.5,-1.63868,-0.500644,
15,150,-1.48382,-0.597198,
15,152.5,-1.39707,-0.628065,
15,155,-1.3353,-0.59349,
15,157.5,-1.28138,-0.504885,
15,160,-1.24732,-0.391187,
15,162.5,-1.25229,-0.280514,
15,165,-1.29708,-0.189256,
15,167.5,-1.35975,-0.137112,
15,170,-1.39851,-0.138252,
15,172.5,-1.38071,-0.189118,
15,175,-1.30438,-0.261228,
15,177.5,-1.19635,-0.307865,
15,180,-1.08922,-0.294132,
15,182.5,-0.990968,-0.243052,
15,185,-0.913846,-0.183831,
15,187.5,-0.86178,-0.134674,
15,190,-0.831352,-0.105625,
15,192.5,-0.819742,-0.086914,
15,195,-0.823973,-0.0615316,
15,197.5,-0.841725,-0.0204326,
15,200,-0.875987,0.0294455,
15,202.5,-0.937882,0.0623291,
15,205,-1.01133,0.0475945,
15,207.5,-1.07359,0.0309484,
15,210,-1.11811,0.0383157,
15,212.5,-1.15066,0.0580958,
15,215,-1.17897,0.0761932,
15,217.5,-1.21737,0.10398,
15,220,-1.27977,0.164627,
15,222.5,-1.35828,0.2502,
15,225,-1.4097,0.308872,
15,227.5,-1.45377,0.330393,
15,230,-1.51537,0.351224,
15,232.5,-1.57263,0.356057,
15,235,-1.63395,0.321857,
15,237.5,-1.71218,0.250412,
15,240,-1.79575,0.152511,
15,242.5,-1.84734,0.0429455,
15,245,-1.83065,-0.0471863,
15,247.5,-1.73607,-0.0872521,
15,250,-1.58903,-0.0800953,
15,252.5,-1.48254,-0.0984153,
15,255,-1.37121,-0.154563,
15,257.5,-1.23383,-0.189659,
15,260,-1.08671,-0.21128,
15,262.5,-0.964849,-0.261422,
15,265,-0.896743,-0.342106,
15,267.5,-0.873776,-0.396762,
15,270,-0.790096,-0.416343,
15,272.5,-0.579892,-0.462226,
15,275,-0.346247,-0.475149,
15,277.5,-0.177437,-0.378308,
15,280,-0.0994304,-0.240456,
15,282.5,-0.0782419,-0.150957,
15,285,-0.040876,-0.133387,
15,287.5,0.0535375,-0.141512,
15,290,0.14343,-0.123571,
15,292.5,0.128996,-0.0829182,
15,295,0.071644,-0.0379918,
15,297.5,0.0850606,-0.00945451,
15,300,0.138965,-0.0109306,
15,302.5,0.180762,-0.0315465,
15,305,0.202905,-0.050639,
15,307.5,0.212734,-0.0612895,
15,310,0.197445,-0.0802907,
15,312.5,0.132925,-0.129588,
15,315,0.0412208,-0.181678,
15,317.5,-0.00155489,-0.211179,
15,320,-0.0362027,-0.226405,
15,322.5,-0.102236,-0.221745,
15,325,-0.142096,-0.195878,
15,327.5,-0.133308,-0.158642,
15,330,-0.0757052,-0.113103,
15,332.5,0.0303458,-0.0440731,
15,335,0.170443,0.0661521,
15,337.5,0.314647,0.184598,
15,340,0.423386,0.257143,
15,342.5,0.458893,0.284066,
15,345,0.442526,0.246445,
15,347.5,0.435919,0.10801,
15,350,0.490151,-0.0984456,
15,352.5,0.577897,-0.261322,
15,355,0.619751,-0.273374,
15,357.5,0.587591,-0.142235,
17.5,40,0.727427,0.697007,
17.5,42.5,0.218518,0.330604,
17.5,45,-0.361378,-0.359333,
17.5,47.5,-0.696525,-0.751032,
17.5,50,-1.46967,-0.786448,
17.5,52.5,-2.00865,-0.767481,
17.5,55,-2.2586,-0.869879,
17.5,57.5,-2.24431,-0.840091,
17.5,60,-2.23609,-0.652255,
17.5,62.5,-2.61611,-0.554075,
17.5,65,-3.36568,-0.385861,
17.5,67.5,-4.01757,0.48743,
17.5,70,-4.37456,1.28825,
17.5,72.5,-4.78309,1.63959,
17.5,75,-5.21141,1.97436,
17.5,77.5,-5.54583,2.61789,
17.5,80,-5.36131,3.29511,
17.5,82.5,-4.50962,3.40902,
17.5,85,-3.40846,2.60747,
17.5,87.5,-2.62592,1.1392,
17.5,90,-2.06516,-0.516803,
17.5,92.5,-1.57257,-1.79796,
17.5,95,-1.37658,-2.13848,
17.5,97.5,-1.33037,-1.41944,
17.5,100,-1.36235,-0.299708,
17.5,102.5,-1.47551,0.608739,
17.5,105,-1.65853,1.08664,
17.5,107.5,-1.863,1.18058,
17.5,110,-2.05255,0.849371,
17.5,112.5,-2.18025,-0.130589,
17.5,115,-2.58707,-1.42339,
17.5,117.5,-3.26032,-2.06006,
17.5,120,-3.88911,-1.798,
17.5,122.5,-4.20846,-1.06263,
17.5,125,-4.174,-0.410564,
17.5,127.5,-3.92876,-0.134419,
17.5,130,-3.65647,-0.186703,
17.5,132.5,-3.43267,-0.376268,
17.5,135,-3.2026,-0.567078,
17.5,137.5,-2.8698,-0.657562,
17.5,140,-2.49,-0.629502,
17.5,142.5,-2.15173,-0.554479,
17.5,145,-1.90375,-0.526985,
17.5,147.5,-1.75472,-0.576201,
17.5,150,-1.68059,-0.652032,
17.5,152.5,-1.63982,-0.680321,
17.5,155,-1.59658,-0.637827,
17.5,157.5,-1.55153,-0.553279,
17.5,160,-1.5262,-0.434365,
17.5,162.5,-1.54465,-0.292385,
17.5,165,-1.58854,-0.185124,
17.5,167.5,-1.62315,-0.155467,
17.5,170,-1.60996,-0.194283,
17.5,172.5,-1.52977,-0.262873,
17.5,175,-1.39447,-0.330107,
17.5,177.5,-1.23909,-0.386262,
17.5,180,-1.09906,-0.402472,
17.5,182.5,-0.980611,-0.353529,
17.5,185,-0.879508,-0.285003,
17.5,187.5,-0.783555,-0.224316,
17.5,190,-0.699625,-0.165292,
17.5,192.5,-0.644221,-0.0982827,
17.5,195,-0.620946,-0.0256987,
17.5,197.5,-0.618642,0.0409897,
17.5,200,-0.632718,0.0953977,
17.5,202.5,-0.680892,0.142811,
17.5,205,-0.73675,0.147286,
17.5,207.5,-0.771696,0.13364,
17.5,210,-0.799342,0.139122,
17.5,212.5,-0.831937,0.174091,
17.5,215,-0.875147,0.217215,
17.5,217.5,-0.934083,0.251398,
17.5,220,-1.00838,0.286447,
17.5,222.5,-1.07928,0.340637,
17.5,225,-1.11685,0.37942,
17.5,227.5,-1.11312,0.379287,
17.5,230,-1.10006,0.38106,
17.5,232.5,-1.07249,0.382152,
17.5,235,-1.02487,0.359741,
17.5,237.5,-0.96778,0.297977,
17.5,240,-0.914733,0.191918,
17.5,242.5,-0.855787,0.0572541,
17.5,245,-0.752676,-0.057609,
17.5,247.5,-0.608312,-0.0931091,
17.5,250,-0.513185,-0.0742333,
17.5,252.5,-0.475805,-0.12368,
17.5,255,-0.444412,-0.204868,
17.5,257.5,-0.429302,-0.215947,
17.5,260,-0.444156,-0.208938,
17.5,262.5,-0.489229,-0.259236,
17.5,265,-0.546706,-0.348735,
17.5,267.5,-0.575647,-0.411542,
17.5,270,-0.511,-0.477009,
17.5,272.5,-0.276745,-0.527465,
17.5,275,-0.0982422,-0.480887,
17.5,277.5,-0.0316946,-0.358207,
17.5,280,-0.0356532,-0.23312,
17.5,282.5,-0.0600536,-0.163137,
17.5,285,-0.0650633,-0.151231,
17.5,287.5,-0.0352719,-0.157303,
17.5,290,0.00188673,-0.145107,
17.5,292.5,0.00135649,-0.116632,
17.5,295,-0.00814078,-0.0710031,
17.5,297.5,0.0151644,-0.0256679,
17.5,300,0.0431783,-0.00823894,
17.5,302.5,0.0604929,-0.0232407,
17.5,305,0.0841858,-0.0481046,
17.5,307.5,0.12177,-0.0590218,
17.5,310,0.145535,-0.0540853,
17.5,312.5,0.11684,-0.0538591,
17.5,315,0.0490817,-0.0722258,
17.5,317.5,0.0208134,-0.113269,
17.5,320,-0.0361013,-0.144547,
17.5,322.5,-0.118243,-0.154932,
17.5,325,-0.165603,-0.15049,
17.5,327.5,-0.168704,-0.159097,
17.5,330,-0.143169,-0.178294,
17.5,332.5,-0.0942462,-0.16422,
17.5,335,-0.0143783,-0.0829732,
17.5,337.5,0.122404,0.0307343,
17.5,340,0.276467,0.133718,
17.5,342.5,0.357558,0.218762,
17.5,345,0.367464,0.240597,
17.5,347.5,0.365121,0.11407,
17.5,350,0.382626,-0.107975,
17.5,352.5,0.382819,-0.269682,
17.5,355,0.310851,-0.257045,
17.5,357.5,0.191492,-0.119194,
20,40,0.043393,0.578029,
20,42.5,-0.357593,0.515006,
20,45,-0.819311,0.209087,
20,47.5,-1.28826,0.209521,
20,50,-1.84941,0.0783828,
20,52.5,-2.21556,-0.191077,
20,55,-2.54474,-0.490244,
20,57.5,-2.84311,-0.555355,
20,60,-3.15676,-0.360518,
20,62.5,-3.61005,-0.0691349,
20,65,-4.10131,0.410081,
20,67.5,-4.21962,1.29569,
20,70,-4.19316,1.81164,
20,72.5,-4.1566,2.04135,
20,75,-3.86399,2.30589,
20,77.5,-3.20527,2.81048,
20,80,-2.03132,3.30618,
20,82.5,-0.386965,3.26575,
20,85,1.19273,2.35258,
20,87.5,1.85512,0.836658,
20,90,1.79023,-0.512701,
20,92.5,1.3793,-1.52455,
20,95,0.76432,-1.81614,
20,97.5,0.340219,-1.25442,
20,100,0.0973782,-0.2584,
20,102.5,0.00104396,0.800871,
20,105,0.0494751,1.54714,
20,107.5,0.0949758,1.68139,
20,110,-0.191133,1.2342,
20,112.5,-0.531573,0.268064,
20,115,-1.08225,-0.814605,
20,117.5,-1.87503,-1.2772,
20,120,-2.61722,-1.07705,
20,122.5,-3.04872,-0.592305,
20,125,-3.15159,-0.205046,
20,127.5,-3.0704,-0.0746704,
20,130,-2.95269,-0.14735,
20,132.5,-2.84491,-0.319032,
20,135,-2.70495,-0.540719,
20,137.5,-2.47629,-0.72773,
20,140,-2.23806,-0.764294,
20,142.5,-2.05801,-0.666444,
20,145,-1.93709,-0.559067,
20,147.5,-1.86282,-0.537825,
20,150,-1.8222,-0.587581,
20,152.5,-1.79736,-0.616903,
20,155,-1.76685,-0.571996,
20,157.5,-1.73583,-0.49717,
20,160,-1.71687,-0.405134,
20,162.5,-1.71774,-0.277819,
20,165,-1.72073,-0.187529,
20,167.5,-1.70905,-0.188944,
20,170,-1.65991,-0.264492,
20,172.5,-1.55833,-0.359545,
20,175,-1.40713,-0.441678,
20,177.5,-1.22379,-0.520895,
20,180,-1.03041,-0.570374,
20,182.5,-0.840505,-0.514913,
20,185,-0.673277,-0.419567,
20,187.5,-0.536144,-0.337802,
20,190,-0.433575,-0.254534,
20,192.5,-0.367623,-0.150746,
20,195,-0.334934,-0.0393619,
20,197.5,-0.328068,0.0471157,
20,200,-0.342447,0.098568,
20,202.5,-0.383697,0.142077,
20,205,-0.406468,0.165927,
20,207.5,-0.388833,0.168409,
20,210,-0.373886,0.178309,
20,212.5,-0.384745,0.215482,
20,215,-0.411573,0.266275,
20,217.5,-0.445585,0.305921,
20,220,-0.490628,0.330632,
20,222.5,-0.541806,0.361737,
20,225,-0.579633,0.38388,
20,227.5,-0.594902,0.371523,
20,230,-0.599608,0.355806,
20,232.5,-0.584919,0.334447,
20,235,-0.526507,0.295074,
20,237.5,-0.429916,0.228656,
20,240,-0.331314,0.118304,
20,242.5,-0.253285,-0.0368278,
20,245,-0.167354,-0.179051,
20,247.5,-0.0670842,-0.223851,
20,250,0.0110158,-0.195696,
20,252.5,0.0293546,-0.181013,
20,255,0.000629572,-0.20195,
20,257.5,-0.0715098,-0.160515,
20,260,-0.181788,-0.101115,
20,262.5,-0.260215,-0.107115,
20,265,-0.267136,-0.193148,
20,267.5,-0.307535,-0.328899,
20,270,-0.276285,-0.504044,
20,272.5,-0.0867684,-0.556213,
20,275,0.0335365,-0.458682,
20,277.5,0.04041,-0.308595,
20,280,-0.00415266,-0.187507,
20,282.5,-0.0410384,-0.130356,
20,285,-0.047438,-0.123345,
20,287.5,-0.0295334,-0.132052,
20,290,-0.00368712,-0.137858,
20,292.5,0.0102673,-0.137459,
20,295,0.0102854,-0.102242,
20,297.5,0.0116782,-0.0489653,
20,300,0.00827863,-0.0215061,
20,302.5,0.00942685,-0.0378117,
20,305,0.0325487,-0.0779664,
20,307.5,0.0787263,-0.105959,
20,310,0.12454,-0.0991498,
20,312.5,0.142662,-0.0656575,
20,315,0.14297,-0.0360701,
20,317.5,0.143018,-0.0392422,
20,320,0.093084,-0.0663225,
20,322.5,0.0211974,-0.0931147,
20,325,-0.0334239,-0.111926,
20,327.5,-0.0655758,-0.136317,
20,330,-0.0978787,-0.160222,
20,332.5,-0.146634,-0.159202,
20,335,-0.188187,-0.132101,
20,337.5,-0.15924,-0.0919103,
20,340,-0.0498622,-0.0222532,
20,342.5,0.0519529,0.0898265,
20,345,0.136886,0.152564,
20,347.5,0.226252,0.0558641,
20,350,0.275651,-0.114022,
20,352.5,0.221946,-0.192364,
20,355,0.0570403,-0.121787,
20,357.5,-0.142847,-0.0222714,
22.5,40,-0.574067,0.486347,
22.5,42.5,-0.648792,0.700388,
22.5,45,-0.844404,0.853008,
22.5,47.5,-1.15273,1.02279,
22.5,50,-1.40554,0.589226,
22.5,52.5,-1.48812,0.102124,
22.5,55,-1.70188,-0.175913,
22.5,57.5,-2.16575,-0.19452,
22.5,60,-2.76692,-0.0301185,
22.5,62.5,-3.26617,0.27491,
22.5,65,-3.3959,0.807245,
22.5,67.5,-3.02143,1.4646,
22.5,70,-2.60291,1.73751,
22.5,72.5,-2.03901,1.76304,
22.5,75,-1.24411,1.81451,
22.5,77.5,-0.0701786,2.0859,
22.5,80,1.53808,2.30803,
22.5,82.5,3.33724,2.144,
22.5,85,4.71728,1.5551,
22.5,87.5,4.99422,0.793723,
22.5,90,4.31993,0.146197,
22.5,92.5,3.16421,-0.498724,
22.5,95,1.89148,-0.73641,
22.5,97.5,1.01024,-0.563117,
22.5,100,0.610191,-0.0039257,
22.5,102.5,0.526241,0.830631,
22.5,105,0.777876,1.76281,
22.5,107.5,1.22704,2.338,
22.5,110,1.10178,1.85269,
22.5,112.5,0.736629,0.854348,
22.5,115,0.168272,-0.043525,
22.5,117.5,-0.486739,-0.359825,
22.5,120,-1.02823,-0.265458,
22.5,122.5,-1.37006,-0.0601162,
22.5,125,-1.56916,0.0726241,
22.5,127.5,-1.70291,0.0900388,
22.5,130,-1.80125,0.0109906,
22.5,132.5,-1.87339,-0.16135,
22.5,135,-1.90265,-0.418976,
22.5,137.5,-1.8751,-0.661418,
22.5,140,-1.8429,-0.757797,
22.5,142.5,-1.8265,-0.695174,
22.5,145,-1.79128,-0.578171,
22.5,147.5,-1.72806,-0.506488,
22.5,150,-1.6639,-0.489505,
22.5,152.5,-1.6327,-0.46454,
22.5,155,-1.64133,-0.394812,
22.5,157.5,-1.67299,-0.332633,
22.5,160,-1.69711,-0.302903,
22.5,162.5,-1.69644,-0.243947,
22.5,165,-1.65848,-0.199539,
22.5,167.5,-1.59524,-0.227899,
22.5,170,-1.50825,-0.321832,
22.5,172.5,-1.39531,-0.433028,
22.5,175,-1.25789,-0.531676,
22.5,177.5,-1.09674,-0.631283,
22.5,180,-0.910462,-0.707293,
22.5,182.5,-0.707831,-0.65596,
22.5,185,-0.51799,-0.531518,
22.5,187.5,-0.375683,-0.414143,
22.5,190,-0.299819,-0.310009,
22.5,192.5,-0.275355,-0.197204,
22.5,195,-0.276015,-0.0778619,
22.5,197.5,-0.288438,0.0178901,
22.5,200,-0.316282,0.073451,
22.5,202.5,-0.36076,0.112898,
22.5,205,-0.374658,0.136944,
22.5,207.5,-0.338604,0.13654,
22.5,210,-0.284731,0.13378,
22.5,212.5,-0.233318,0.153019,
22.5,215,-0.17665,0.193601,
22.5,217.5,-0.110692,0.241345,
22.5,220,-0.0524805,0.288354,
22.5,222.5,-0.023476,0.337677,
22.5,225,-0.0213311,0.376201,
22.5,227.5,-0.0527232,0.384894,
22.5,230,-0.103296,0.36837,
22.5,232.5,-0.144882,0.319672,
22.5,235,-0.140235,0.244611,
22.5,237.5,-0.0873589,0.159758,
22.5,240,-0.0344017,0.0502521,
22.5,242.5,-0.027083,-0.107655,
22.5,245,-0.0382366,-0.274858,
22.5,247.5,-0.0165825,-0.36434,
22.5,250,0.0200329,-0.32511,
22.5,252.5,0.0511486,-0.195432,
22.5,255,0.0488538,-0.112725,
22.5,257.5,-0.0182867,-0.0490351,
22.5,260,-0.0805556,0.0357226,
22.5,262.5,-0.0480119,0.0702237,
22.5,265,0.0393221,-0.0344907,
22.5,267.5,0.00391872,-0.214208,
22.5,270,-0.0266971,-0.471912,
22.5,272.5,0.0550099,-0.548078,
22.5,275,0.0972143,-0.436054,
22.5,277.5,0.0621503,-0.276167,
22.5,280,0.00894099,-0.166809,
22.5,282.5,-0.0112197,-0.129477,
22.5,285,0.00633948,-0.130629,
22.5,287.5,0.0346536,-0.131535,
22.5,290,0.0522094,-0.126764,
22.5,292.5,0.052461,-0.121505,
22.5,295,0.0310373,-0.100269,
22.5,297.5,0.0126314,-0.0728525,
22.5,300,0.0162119,-0.0650225,
22.5,302.5,0.0450095,-0.0848952,
22.5,305,0.086291,-0.120359,
22.5,307.5,0.122324,-0.14987,
22.5,310,0.14249,-0.154817,
22.5,312.5,0.150539,-0.127672,
22.5,315,0.165021,-0.0761588,
22.5,317.5,0.175297,-0.0297801,
22.5,320,0.146235,-0.0235853,
22.5,322.5,0.0921489,-0.0457637,
22.5,325,0.0378803,-0.0746785,
22.5,327.5,-0.00805327,-0.093917,
22.5,330,-0.0579655,-0.0916462,
22.5,332.5,-0.129994,-0.0772717,
22.5,335,-0.219599,-0.0917538,
22.5,337.5,-0.266763,-0.131295,
22.5,340,-0.200825,-0.119921,
22.5,342.5,-0.0907994,-0.0346429,
22.5,345,0.0532401,0.0186291,
22.5,347.5,0.225733,-0.0439234,
22.5,350,0.339969,-0.11074,
22.5,352.5,0.313006,-0.0548107,
22.5,355,0.146863,0.0924709,
22.5,357.5,-0.0711439,0.158371,
25,40,-0.816997,0.355911,
25,42.5,-0.684832,0.777208,
25,45,-0.72647,1.21698,
25,47.5,-0.750342,1.17616,
25,50,-0.580807,0.580468,
25,52.5,-0.214627,0.190171,
25,55,-0.131754,0.265318,
25,57.5,-0.546302,0.483049,
25,60,-1.19779,0.540538,
25,62.5,-1.60671,0.517182,
25,65,-1.51332,0.676587,
25,67.5,-1.01362,0.995876,
25,70,-0.422518,1.18301,
25,72.5,0.254347,1.09747,
25,75,1.01034,0.932813,
25,77.5,1.98916,0.882295,
25,80,3.18681,0.859605,
25,82.5,4.22567,0.825842,
25,85,4.48729,0.835343,
25,87.5,3.72256,0.782083,
25,90,3.09101,0.697585,
25,92.5,2.19441,0.491867,
25,95,1.24284,0.282834,
25,97.5,0.683067,0.106678,
25,100,0.568613,0.25135,
25,102.5,0.575537,0.765881,
25,105,0.801727,1.7288,
25,107.5,1.37909,2.72734,
25,110,1.54846,2.42186,
25,112.5,1.46772,1.49281,
25,115,1.10014,0.690376,
25,117.5,0.693701,0.392698,
25,120,0.413709,0.34289,
25,122.5,0.182871,0.341329,
25,125,-0.0782082,0.340741,
25,127.5,-0.348002,0.329499,
25,130,-0.56751,0.252502,
25,132.5,-0.756609,0.0556277,
25,135,-0.927107,-0.223652,
25,137.5,-1.08836,-0.453797,
25,140,-1.23371,-0.594968,
25,142.5,-1.32373,-0.639054,
25,145,-1.32421,-0.611681,
25,147.5,-1.24552,-0.547571,
25,150,-1.14319,-0.454859,
25,152.5,-1.08755,-0.326266,
25,155,-1.11822,-0.188503,
25,157.5,-1.20637,-0.114713,
25,160,-1.28659,-0.135941,
25,162.5,-1.31519,-0.157941,
25,165,-1.27578,-0.177477,
25,167.5,-1.18978,-0.240867,
25,170,-1.07537,-0.350515,
25,172.5,-0.9525,-0.466165,
25,175,-0.842508,-0.557795,
25,177.5,-0.751889,-0.643083,
25,180,-0.671365,-0.718393,
25,182.5,-0.584467,-0.693346,
25,185,-0.486415,-0.574502,
25,187.5,-0.410784,-0.43643,
25,190,-0.391395,-0.314238,
25,192.5,-0.418752,-0.201238,
25,195,-0.457922,-0.0894359,
25,197.5,-0.48645,0.0084804,
25,200,-0.514723,0.07384,
25,202.5,-0.555077,0.108312,
25,205,-0.566403,0.109211,
25,207.5,-0.532184,0.0869019,
25,210,-0.465916,0.0577885,
25,212.5,-0.368434,0.0393966,
25,215,-0.232813,0.0474754,
25,217.5,-0.0656191,0.0913413,
25,220,0.104211,0.168243,
25,222.5,0.239648,0.261527,
25,225,0.325901,0.351374,
25,227.5,0.331164,0.42149,
25,230,0.268342,0.43683,
25,232.5,0.182201,0.373317,
25,235,0.125069,0.254834,
25,237.5,0.118831,0.144238,
25,240,0.123844,0.0561421,
25,242.5,0.0820432,-0.0557849,
25,245,0.000788634,-0.216611,
25,247.5,-0.0567572,-0.365003,
25,250,-0.0754099,-0.373433,
25,252.5,-0.00932308,-0.19647,
25,255,0.0405196,-0.071762,
25,257.5,0.0162612,0.00947482,
25,260,0.0311974,0.0656499,
25,262.5,0.156434,0.0625595,
25,265,0.293323,-0.0231952,
25,267.5,0.294825,-0.151644,
25,270,0.234965,-0.401833,
25,272.5,0.217598,-0.49242,
25,275,0.18811,-0.391018,
25,277.5,0.125209,-0.246035,
25,280,0.077788,-0.164657,
25,282.5,0.074954,-0.159456,
25,285,0.0988704,-0.175383,
25,287.5,0.109674,-0.157153,
25,290,0.0892861,-0.105567,
25,292.5,0.0485336,-0.0598311,
25,295,-0.00327569,-0.059856,
25,297.5,-0.0299366,-0.0995974,
25,300,-2.43187e-05,-0.150502,
25,302.5,0.069898,-0.180615,
25,305,0.138381,-0.181651,
25,307.5,0.174967,-0.168618,
25,310,0.178831,-0.159989,
25,312.5,0.170999,-0.153309,
25,315,0.171704,-0.11795,
25,317.5,0.175861,-0.0450172,
25,320,0.157636,0.00813706,
25,322.5,0.110585,0.0153311,
25,325,0.0477263,-0.00658784,
25,327.5,-0.0165119,-0.026464,
25,330,-0.0730969,-0.0234231,
25,332.5,-0.128749,-0.0125312,
25,335,-0.203651,-0.0447053,
25,337.5,-0.269312,-0.122045,
25,340,-0.229291,-0.163791,
25,342.5,-0.113864,-0.152006,
25,345,0.0635406,-0.151298,
25,347.5,0.268847,-0.181484,
25,350,0.430839,-0.145597,
25,352.5,0.489949,0.0368054,
25,355,0.422312,0.286374,
25,357.5,0.236728,0.378049,
27.5,40,-0.698818,0.0802438,
27.5,42.5,-0.640081,0.586568,
27.5,45,-0.686779,1.03798,
27.5,47.5,-0.414062,0.718057,
27.5,50,0.229061,0.298136,
27.5,52.5,0.751007,0.301564,
27.5,55,0.833412,0.701338,
27.5,57.5,0.535541,1.10213,
27.5,60,0.17246,1.10657,
27.5,62.5,0.0414366,0.726472,
27.5,65,0.203124,0.468363,
27.5,67.5,0.556247,0.491094,
27.5,70,0.908271,0.544182,
27.5,72.5,1.19107,0.504991,
27.5,75,1.55304,0.283057,
27.5,77.5,1.8691,0.033023,
27.5,80,2.21834,-0.0539987,
27.5,82.5,2.40915,0.0984536,
27.5,85,1.93237,0.341178,
27.5,87.5,0.765557,0.394354,
27.5,90,0.493954,0.497949,
27.5,92.5,0.223785,0.648249,
27.5,95,0.0155593,0.54518,
27.5,97.5,0.120524,0.310633,
27.5,100,0.385638,0.28861,
27.5,102.5,0.460027,0.61031,
27.5,105,0.536704,1.47306,
27.5,107.5,0.992954,2.56377,
27.5,110,1.43257,2.52426,
27.5,112.5,1.77295,1.82296,
27.5,115,1.74389,1.13497,
27.5,117.5,1.53329,0.81051,
27.5,120,1.37756,0.655952,
27.5,122.5,1.15951,0.568571,
27.5,125,0.866044,0.554643,
27.5,127.5,0.593371,0.56876,
27.5,130,0.399335,0.485707,
27.5,132.5,0.224665,0.248514,
27.5,135,0.0266716,-0.0314351,
27.5,137.5,-0.201756,-0.192533,
27.5,140,-0.411219,-0.335093,
27.5,142.5,-0.542731,-0.491353,
27.5,145,-0.575133,-0.601573,
27.5,147.5,-0.517339,-0.609044,
27.5,150,-0.410934,-0.495707,
27.5,152.5,-0.322399,-0.293914,
27.5,155,-0.311141,-0.0843508,
27.5,157.5,-0.366477,0.0354433,
27.5,160,-0.434786,0.0257357,
27.5,162.5,-0.47052,-0.0284296,
27.5,165,-0.457921,-0.0979225,
27.5,167.5,-0.405535,-0.202456,
27.5,170,-0.329324,-0.336652,
27.5,172.5,-0.2583,-0.454068,
27.5,175,-0.22593,-0.513922,
27.5,177.5,-0.24782,-0.53809,
27.5,180,-0.323337,-0.568754,
27.5,182.5,-0.416749,-0.5741,
27.5,185,-0.478956,-0.506915,
27.5,187.5,-0.514682,-0.393811,
27.5,190,-0.554027,-0.273103,
27.5,192.5,-0.607408,-0.162176,
27.5,195,-0.656069,-0.0626103,
27.5,197.5,-0.677197,0.0237381,
27.5,200,-0.676848,0.085138,
27.5,202.5,-0.678138,0.104912,
27.5,205,-0.664314,0.0830036,
27.5,207.5,-0.634958,0.0510106,
27.5,210,-0.597577,0.00610491,
27.5,212.5,-0.530475,-0.0549425,
27.5,215,-0.410054,-0.101961,
27.5,217.5,-0.234814,-0.0950632,
27.5,220,-0.0289324,-0.0182538,
27.5,222.5,0.173464,0.109831,
27.5,225,0.344032,0.266105,
27.5,227.5,0.419626,0.426737,
27.5,230,0.390606,0.518104,
27.5,232.5,0.295862,0.474721,
27.5,235,0.196195,0.318075,
27.5,237.5,0.142653,0.166315,
27.5,240,0.12851,0.0966923,
27.5,242.5,0.101506,0.0643933,
27.5,245,0.0305763,-0.0390047,
27.5,247.5,-0.0610626,-0.224545,
27.5,250,-0.113825,-0.341454,
27.5,252.5,-0.0201597,-0.231004,
27.5,255,0.0477104,-0.162265,
27.5,257.5,0.0517617,-0.0793905,
27.5,260,0.0875271,-0.066572,
27.5,262.5,0.205881,-0.126873,
27.5,265,0.338066,-0.1532,
27.5,267.5,0.390064,-0.197003,
27.5,270,0.357727,-0.367746,
27.5,272.5,0.310061,-0.4287,
27.5,275,0.252353,-0.330028,
27.5,277.5,0.186716,-0.201979,
27.5,280,0.157529,-0.144906,
27.5,282.5,0.169814,-0.166923,
27.5,285,0.186592,-0.198019,
27.5,287.5,0.170544,-0.164251,
27.5,290,0.124585,-0.0677829,
27.5,292.5,0.0751857,0.0193971,
27.5,295,0.0288227,0.00421591,
27.5,297.5,-0.00157151,-0.0994201,
27.5,300,0.0131716,-0.218616,
27.5,302.5,0.0615005,-0.274829,
27.5,305,0.113827,-0.249781,
27.5,307.5,0.1531,-0.185392,
27.5,310,0.181506,-0.141152,
27.5,312.5,0.20342,-0.139066,
27.5,315,0.216683,-0.132902,
27.5,317.5,0.219455,-0.0619066,
27.5,320,0.20907,0.0331129,
27.5,322.5,0.168418,0.0914001,
27.5,325,0.0911251,0.0974574,
27.5,327.5,-0.00750527,0.0742725,
27.5,330,-0.101545,0.0526174,
27.5,332.5,-0.181422,0.0365401,
27.5,335,-0.267786,-0.00648112,
27.5,337.5,-0.360162,-0.0939194,
27.5,340,-0.37057,-0.194396,
27.5,342.5,-0.270561,-0.286028,
27.5,345,-0.0761867,-0.353219,
27.5,347.5,0.138875,-0.361071,
27.5,350,0.325922,-0.281655,
27.5,352.5,0.481219,-0.0636377,
27.5,355,0.567478,0.275699,
27.5,357.5,0.467443,0.52921,
30,40,-0.390538,-0.165787,
30,42.5,-0.451411,0.313674,
30,45,-0.415435,0.564218,
30,47.5,0.111581,0.223798,
30,50,0.723065,0.0797472,
30,52.5,0.754947,0.302055,
30,55,0.397168,0.607981,
30,57.5,0.121167,0.981596,
30,60,0.139274,1.09788,
30,62.5,0.334546,0.665779,
30,65,0.567851,0.334517,
30,67.5,0.737298,0.237098,
30,70,0.596792,0.118162,
30,72.5,0.458167,0.162846,
30,75,0.520153,0.0370778,
30,77.5,0.418177,-0.084908,
30,80,0.405369,-0.0950552,
30,82.5,0.555589,-0.0990008,
30,85,0.556002,-0.210276,
30,87.5,0.414811,-0.293878,
30,90,0.167739,-0.190924,
30,92.5,-0.0882575,0.0335385,
30,95,-0.142928,0.133832,
30,97.5,0.0383001,0.0932957,
30,100,0.223554,0.0878227,
30,102.5,0.189656,0.271402,
30,105,0.173912,0.943873,
30,107.5,0.575456,1.93316,
30,110,1.23137,2.06749,
30,112.5,1.84503,1.65636,
30,115,2.05891,1.21273,
30,117.5,1.90324,0.941719,
30,120,1.73023,0.773382,
30,122.5,1.4916,0.694454,
30,125,1.23822,0.714124,
30,127.5,1.062,0.745627,
30,130,0.970034,0.638029,
30,132.5,0.896383,0.357009,
30,135,0.771608,0.0778677,
30,137.5,0.613695,-0.0143759,
30,140,0.477344,-0.114462,
30,142.5,0.36272,-0.306657,
30,145,0.283579,-0.502386,
30,147.5,0.269434,-0.593782,
30,150,0.330709,-0.539027,
30,152.5,0.435734,-0.371756,
30,155,0.528006,-0.162724,
30,157.5,0.59172,0.00220667,
30,160,0.636735,0.0637449,
30,162.5,0.669024,0.054332,
30,165,0.675437,-0.00471716,
30,167.5,0.652539,-0.111057,
30,170,0.598401,-0.245082,
30,172.5,0.505632,-0.352422,
30,175,0.369067,-0.379839,
30,177.5,0.198065,-0.33824,
30,180,-0.000169534,-0.3055,
30,182.5,-0.205601,-0.321738,
30,185,-0.376055,-0.322666,
30,187.5,-0.492047,-0.277466,
30,190,-0.567217,-0.19758,
30,192.5,-0.623056,-0.110548,
30,195,-0.662926,-0.0364737,
30,197.5,-0.672197,0.0179926,
30,200,-0.642459,0.0489828,
30,202.5,-0.58882,0.0445641,
30,205,-0.539567,0.0280112,
30,207.5,-0.522059,0.0255559,
30,210,-0.537517,-0.00322266,
30,212.5,-0.552734,-0.0884064,
30,215,-0.525761,-0.19481,
30,217.5,-0.434571,-0.254438,
30,220,-0.284304,-0.220512,
30,222.5,-0.0948539,-0.0939004,
30,225,0.103172,0.11048,
30,227.5,0.228426,0.359874,
30,230,0.253884,0.558802,
30,232.5,0.186856,0.580211,
30,235,0.0729248,0.408921,
30,237.5,-0.0178788,0.196257,
30,240,-0.0494897,0.0936946,
30,242.5,-0.0456366,0.103961,
30,245,-0.0600207,0.0850208,
30,247.5,-0.12191,-0.0607033,
30,250,-0.20369,-0.258473,
30,252.5,-0.099098,-0.28272,
30,255,-0.0315899,-0.331414,
30,257.5,-0.021546,-0.299722,
30,260,-0.00820178,-0.280541,
30,262.5,0.0469333,-0.309482,
30,265,0.126208,-0.304295,
30,267.5,0.185685,-0.31882,
30,270,0.186011,-0.401706,
30,272.5,0.15448,-0.40189,
30,275,0.0890921,-0.281132,
30,277.5,0.031205,-0.15618,
30,280,0.0361435,-0.106744,
30,282.5,0.0871907,-0.138887,
30,285,0.133559,-0.183288,
30,287.5,0.152505,-0.159162,
30,290,0.170219,-0.0619316,
30,292.5,0.210571,0.0400046,
30,295,0.246278,0.0503548,
30,297.5,0.230796,-0.0374589,
30,300,0.182007,-0.169661,
30,302.5,0.128415,-0.260502,
30,305,0.0935743,-0.26877,
30,307.5,0.0959721,-0.218548,
30,310,0.139375,-0.168446,
30,312.5,0.199371,-0.154617,
30,315,0.242493,-0.153994,
30,317.5,0.259593,-0.0916006,
30,320,0.272355,0.0291312,
30,322.5,0.257518,0.144663,
30,325,0.188781,0.200685,
30,327.5,0.0717837,0.202619,
30,330,-0.0663502,0.181094,
30,332.5,-0.206285,0.147576,
30,335,-0.353802,0.0824544,
30,337.5,-0.510267,-0.0349239,
30,340,-0.605522,-0.219361,
30,342.5,-0.568505,-0.428323,
30,345,-0.397267,-0.569412,
30,347.5,-0.179028,-0.58127,
30,350,0.0258673,-0.507778,
30,352.5,0.239381,-0.342153,
30,355,0.43996,-0.00917086,
30,357.5,0.450729,0.444121,
32.5,40,-0.00287166,-0.103832,
32.5,42.5,0.174271,0.303381,
32.5,45,0.50536,0.296106,
32.5,47.5,0.834218,0.155704,
32.5,50,0.479798,0.211485,
32.5,52.5,0.203062,0.192906,
32.5,55,-0.147119,0.258356,
32.5,57.5,-0.476626,0.513576,
32.5,60,-0.538018,0.5783,
32.5,62.5,-0.290134,0.180837,
32.5,65,0.00260086,-0.0286179,
32.5,67.5,0.00539965,-0.0440609,
32.5,70,-0.273659,-0.0275953,
32.5,72.5,-0.412289,-0.015688,
32.5,75,-0.308129,-0.119876,
32.5,77.5,-0.0740979,-0.0869733,
32.5,80,0.173063,0.00462696,
32.5,82.5,0.349613,-0.033652,
32.5,85,0.402518,-0.223262,
32.5,87.5,0.319046,-0.426113,
32.5,90,0.114754,-0.456887,
32.5,92.5,-0.0781716,-0.294126,
32.5,95,-0.0806936,-0.160245,
32.5,97.5,0.066147,-0.143871,
32.5,100,0.155793,-0.167385,
32.5,102.5,0.0783717,-0.108484,
32.5,105,-0.00914357,0.26167,
32.5,107.5,0.209329,0.910277,
32.5,110,0.859529,1.20895,
32.5,112.5,1.54396,1.17598,
32.5,115,1.86674,1.10831,
32.5,117.5,1.75498,0.985622,
32.5,120,1.59306,0.842743,
32.5,122.5,1.44844,0.781806,
32.5,125,1.35144,0.816379,
32.5,127.5,1.31852,0.836106,
32.5,130,1.33181,0.7006,
32.5,132.5,1.35313,0.394696,
32.5,135,1.31608,0.100592,
32.5,137.5,1.27506,0.0151545,
32.5,140,1.26116,-0.0507893,
32.5,142.5,1.20017,-0.200408,
32.5,145,1.09728,-0.370897,
32.5,147.5,1.01474,-0.483346,
32.5,150,1.00672,-0.513644,
32.5,152.5,1.0793,-0.474836,
32.5,155,1.20146,-0.366668,
32.5,157.5,1.35074,-0.213338,
32.5,160,1.5065,-0.0889456,
32.5,162.5,1.63377,-0.015576,
32.5,165,1.67319,0.0190249,
32.5,167.5,1.59247,0.0137868,
32.5,170,1.39348,-0.0281317,
32.5,172.5,1.101,-0.0788426,
32.5,175,0.760549,-0.0961511,
32.5,177.5,0.438538,-0.0636387,
32.5,180,0.182472,-0.0240385,
32.5,182.5,-0.0191646,-0.0393686,
32.5,185,-0.194485,-0.0823034,
32.5,187.5,-0.3286,-0.110219,
32.5,190,-0.415305,-0.105732,
32.5,192.5,-0.469066,-0.0772564,
32.5,195,-0.508027,-0.0446632,
32.5,197.5,-0.534463,-0.0271111,
32.5,200,-0.532019,-0.0363766,
32.5,202.5,-0.492083,-0.0651997,
32.5,205,-0.446281,-0.0556375,
32.5,207.5,-0.434676,-0.0037322,
32.5,210,-0.464309,0.0111394,
32.5,212.5,-0.506958,-0.0683166,
32.5,215,-0.522864,-0.208239,
32.5,217.5,-0.494534,-0.324446,
32.5,220,-0.426838,-0.349059,
32.5,222.5,-0.319987,-0.263081,
32.5,225,-0.172364,-0.059326,
32.5,227.5,-0.0419051,0.233588,
32.5,230,0.0280167,0.525825,
32.5,232.5,0.0143785,0.636593,
32.5,235,-0.0675425,0.495402,
32.5,237.5,-0.155587,0.237532,
32.5,240,-0.189129,0.0506181,
32.5,242.5,-0.162476,0.0119322,
32.5,245,-0.13965,0.0508607,
32.5,247.5,-0.195263,0.0659319,
32.5,250,-0.31446,-0.111212,
32.5,252.5,-0.169347,-0.271546,
32.5,255,-0.0785367,-0.461201,
32.5,257.5,-0.0874197,-0.510091,
32.5,260,-0.139728,-0.452121,
32.5,262.5,-0.17927,-0.396584,
32.5,265,-0.188464,-0.380364,
32.5,267.5,-0.183923,-0.392104,
32.5,270,-0.202923,-0.421077,
32.5,272.5,-0.264034,-0.367684,
32.5,275,-0.385965,-0.219468,
32.5,277.5,-0.459382,-0.115433,
32.5,280,-0.420514,-0.0941599,
32.5,282.5,-0.307709,-0.14722,
32.5,285,-0.181866,-0.221351,
32.5,287.5,-0.054623,-0.245917,
32.5,290,0.107012,-0.191273,
32.5,292.5,0.306012,-0.0928092,
32.5,295,0.47372,0.00230736,
32.5,297.5,0.524732,0.0443566,
32.5,300,0.45899,0.00507974,
32.5,302.5,0.330597,-0.0897643,
32.5,305,0.204648,-0.181386,
32.5,307.5,0.129009,-0.229568,
32.5,310,0.117548,-0.234342,
32.5,312.5,0.148027,-0.215617,
32.5,315,0.184605,-0.187044,
32.5,317.5,0.21153,-0.117361,
32.5,320,0.245442,0.0028217,
32.5,322.5,0.264779,0.143856,
32.5,325,0.23781,0.254124,
32.5,327.5,0.157633,0.321085,
32.5,330,0.0403165,0.349852,
32.5,332.5,-0.0975816,0.331564,
32.5,335,-0.256007,0.240587,
32.5,337.5,-0.42693,0.0663026,
32.5,340,-0.575622,-0.201727,
32.5,342.5,-0.636843,-0.512549,
32.5,345,-0.568726,-0.747667,
32.5,347.5,-0.4082,-0.809574,
32.5,350,-0.225381,-0.719035,
32.5,352.5,-0.0336395,-0.553449,
32.5,355,0.148043,-0.318785,
32.5,357.5,0.197179,0.0723272,
35,40,0.418795,-0.241011,
35,42.5,0.826916,-0.00154006,
35,45,1.03855,0.171947,
35,47.5,0.65505,0.324325,
35,50,0.288063,0.292648,
35,52.5,0.0293334,0.282257,
35,55,-0.192948,0.512859,
35,57.5,-0.274955,0.75565,
35,60,-0.208127,0.671374,
35,62.5,-0.131224,0.297435,
35,65,-0.0889777,0.0967755,
35,67.5,-0.177173,0.0458738,
35,70,-0.1882,0.00823935,
35,72.5,-0.0412243,-0.0171767,
35,75,0.157368,0.0381123,
35,77.5,0.2824,0.167798,
35,80,0.303323,0.27868,
35,82.5,0.272427,0.272121,
35,85,0.245661,0.131881,
35,87.5,0.210727,-0.0477257,
35,90,0.113914,-0.138261,
35,92.5,0.0107237,-0.110984,
35,95,0.0239416,-0.0971616,
35,97.5,0.112146,-0.160478,
35,100,0.139718,-0.263732,
35,102.5,0.0609953,-0.32748,
35,105,-0.0256619,-0.297995,
35,107.5,0.049718,-0.126727,
35,110,0.372145,0.240776,
35,112.5,0.781947,0.572703,
35,115,1.13521,0.912778,
35,117.5,1.25308,0.980059,
35,120,1.27412,0.863338,
35,122.5,1.33515,0.775945,
35,125,1.46588,0.788427,
35,127.5,1.62387,0.800326,
35,130,1.75643,0.672907,
35,132.5,1.83357,0.394532,
35,135,1.85381,0.100196,
35,137.5,1.88734,-0.0450601,
35,140,1.93337,-0.123896,
35,142.5,1.90352,-0.221331,
35,145,1.8018,-0.305792,
35,147.5,1.69389,-0.362642,
35,150,1.63423,-0.42361,
35,152.5,1.63526,-0.504666,
35,155,1.69053,-0.539071,
35,157.5,1.79031,-0.466482,
35,160,1.91646,-0.346181,
35,162.5,2.03329,-0.219946,
35,165,2.08073,-0.0516373,
35,167.5,2.00293,0.142997,
35,170,1.77941,0.29906,
35,172.5,1.42887,0.364842,
35,175,1.0104,0.343268,
35,177.5,0.616843,0.282063,
35,180,0.325897,0.232351,
35,182.5,0.125996,0.193548,
35,185,-0.0554241,0.136505,
35,187.5,-0.217375,0.0641166,
35,190,-0.336378,-0.00254827,
35,192.5,-0.408486,-0.0412506,
35,195,-0.452016,-0.0500491,
35,197.5,-0.489236,-0.0530719,
35,200,-0.527881,-0.0807702,
35,202.5,-0.565993,-0.125154,
35,205,-0.589375,-0.115433,
35,207.5,-0.585721,-0.0464677,
35,210,-0.565255,-0.00740511,
35,212.5,-0.532364,-0.0746528,
35,215,-0.487848,-0.218527,
35,217.5,-0.437388,-0.349365,
35,220,-0.387967,-0.393916,
35,222.5,-0.334577,-0.332713,
35,225,-0.260181,-0.169068,
35,227.5,-0.173465,0.0903808,
35,230,-0.101116,0.414656,
35,232.5,-0.0549312,0.609175,
35,235,-0.0600724,0.549976,
35,237.5,-0.0899126,0.301438,
35,240,-0.0875211,0.0322219,
35,242.5,-0.0463358,-0.0939191,
35,245,-0.0571684,-0.00200003,
35,247.5,-0.163279,0.159914,
35,250,-0.19476,0.0849228,
35,252.5,-0.0635972,-0.102235,
35,255,0.0907649,-0.318339,
35,257.5,0.0422202,-0.500207,
35,260,-0.137952,-0.507425,
35,262.5,-0.283923,-0.382762,
35,265,-0.350325,-0.313002,
35,267.5,-0.402923,-0.31191,
35,270,-0.486567,-0.32594,
35,272.5,-0.642578,-0.231578,
35,275,-0.816104,-0.0660266,
35,277.5,-0.892856,-0.0271966,
35,280,-0.854259,-0.111084,
35,282.5,-0.729092,-0.249561,
35,285,-0.559836,-0.383793,
35,287.5,-0.36971,-0.473048,
35,290,-0.145887,-0.47688,
35,292.5,0.116106,-0.386924,
35,295,0.345106,-0.196594,
35,297.5,0.477272,0.0136865,
35,300,0.501282,0.138095,
35,302.5,0.439182,0.116524,
35,305,0.330847,-0.00978531,
35,307.5,0.219804,-0.149405,
35,310,0.138189,-0.22762,
35,312.5,0.0954509,-0.222918,
35,315,0.0824128,-0.171798,
35,317.5,0.0902797,-0.102083,
35,320,0.110923,-0.00941478,
35,322.5,0.132639,0.107217,
35,325,0.138418,0.235193,
35,327.5,0.124829,0.359021,
35,330,0.104003,0.44897,
35,332.5,0.0858487,0.461998,
35,335,0.058267,0.365379,
35,337.5,0.00373795,0.169456,
35,340,-0.100929,-0.110829,
35,342.5,-0.225073,-0.44222,
35,345,-0.321941,-0.745959,
35,347.5,-0.357235,-0.917464,
35,350,-0.324305,-0.88235,
35,352.5,-0.240498,-0.672656,
35,355,-0.131408,-0.395394,
35,357.5,-0.0137703,-0.122246,
37.5,40,0.387023,-0.542238,
37.5,42.5,0.486345,-0.317758,
37.5,45,0.321021,-0.0379623,
37.5,47.5,0.105231,0.00409027,
37.5,50,0.0549479,0.157122,
37.5,52.5,0.00863237,0.316286,
37.5,55,-0.0244233,0.560479,
37.5,57.5,0.0210498,0.752991,
37.5,60,0.131498,0.759419,
37.5,62.5,0.221677,0.647705,
37.5,65,0.219999,0.565831,
37.5,67.5,-0.0571828,0.323392,
37.5,70,0.128294,0.283551,
37.5,72.5,0.419509,0.230995,
37.5,75,0.592642,0.211568,
37.5,77.5,0.525758,0.236741,
37.5,80,0.288928,0.27125,
37.5,82.5,0.0614677,0.271205,
37.5,85,-0.0187574,0.225681,
37.5,87.5,0.0329689,0.168478,
37.5,90,0.084409,0.140399,
37.5,92.5,0.0626547,0.130747,
37.5,95,0.0488127,0.0867017,
37.5,97.5,0.0722529,-0.00378194,
37.5,100,0.0963592,-0.114176,
37.5,102.5,0.0932207,-0.211046,
37.5,105,0.0751403,-0.274506,
37.5,107.5,0.082455,-0.289092,
37.5,110,0.132666,-0.208781,
37.5,112.5,0.141388,0.0779721,
37.5,115,0.244295,0.539235,
37.5,117.5,0.507413,0.737231,
37.5,120,0.754739,0.653599,
37.5,122.5,1.02791,0.518496,
37.5,125,1.36312,0.475993,
37.5,127.5,1.7195,0.493274,
37.5,130,2.00593,0.44929,
37.5,132.5,2.15609,0.289788,
37.5,135,2.20403,0.0869439,
37.5,137.5,2.23987,-0.107403,
37.5,140,2.28528,-0.239328,
37.5,142.5,2.29464,-0.302368,
37.5,145,2.24944,-0.299431,
37.5,147.5,2.18549,-0.284807,
37.5,150,2.14292,-0.329335,
37.5,152.5,2.13192,-0.452199,
37.5,155,2.14294,-0.577931,
37.5,157.5,2.16543,-0.592379,
37.5,160,2.18195,-0.501771,
37.5,162.5,2.17351,-0.353528,
37.5,165,2.13801,-0.103159,
37.5,167.5,2.06474,0.243066,
37.5,170,1.92836,0.586269,
37.5,172.5,1.7049,0.799347,
37.5,175,1.39776,0.819406,
37.5,177.5,1.05261,0.700449,
37.5,180,0.731514,0.568925,
37.5,182.5,0.450372,0.490095,
37.5,185,0.169534,0.414183,
37.5,187.5,-0.0975124,0.301894,
37.5,190,-0.300687,0.160144,
37.5,192.5,-0.418546,0.0392195,
37.5,195,-0.472875,-0.0194771,
37.5,197.5,-0.509708,-0.0234647,
37.5,200,-0.568164,-0.0229614,
37.5,202.5,-0.662859,-0.051996,
37.5,205,-0.75552,-0.0834478,
37.5,207.5,-0.789741,-0.0862642,
37.5,210,-0.75425,-0.108658,
37.5,212.5,-0.663977,-0.199372,
37.5,215,-0.548738,-0.330866,
37.5,217.5,-0.437815,-0.432726,
37.5,220,-0.352063,-0.45016,
37.5,222.5,-0.30007,-0.376502,
37.5,225,-0.259736,-0.242679,
37.5,227.5,-0.212017,-0.037774,
37.5,230,-0.162421,0.249923,
37.5,232.5,-0.0951992,0.482656,
37.5,235,-0.0506392,0.515954,
37.5,237.5,-0.0322202,0.31846,
37.5,240,0.00201716,0.0448434,
37.5,242.5,0.0588173,-0.0896502,
37.5,245,0.0492396,-0.0373065,
37.5,247.5,-0.0276421,0.0940213,
37.5,250,-0.0605636,0.170605,
37.5,252.5,0.0327311,0.120237,
37.5,255,0.167999,-0.00110494,
37.5,257.5,0.262903,-0.146932,
37.5,260,0.149741,-0.237624,
37.5,262.5,-0.068404,-0.224102,
37.5,265,-0.164428,-0.160868,
37.5,267.5,-0.266397,-0.1719,
37.5,270,-0.381886,-0.173311,
37.5,272.5,-0.504839,-0.0719846,
37.5,275,-0.587673,0.0552792,
37.5,277.5,-0.606633,0.0562909,
37.5,280,-0.574198,-0.111083,
37.5,282.5,-0.505556,-0.359805,
37.5,285,-0.418076,-0.570495,
37.5,287.5,-0.327925,-0.681471,
37.5,290,-0.237183,-0.701525,
37.5,292.5,-0.134096,-0.627267,
37.5,295,-0.0187717,-0.42563,
37.5,297.5,0.0966254,-0.157296,
37.5,300,0.1934,0.0663194,
37.5,302.5,0.244275,0.150392,
37.5,305,0.230298,0.0952035,
37.5,307.5,0.162585,-0.0262232,
37.5,310,0.0796754,-0.126442,
37.5,312.5,0.0188012,-0.15543,
37.5,315,-0.0131475,-0.126045,
37.5,317.5,-0.0288332,-0.0725947,
37.5,320,-0.0404303,-0.00362634,
37.5,322.5,-0.0437518,0.0859905,
37.5,325,-0.0292505,0.193334,
37.5,327.5,0.0172206,0.301411,
37.5,330,0.106524,0.378026,
37.5,332.5,0.233211,0.387606,
37.5,335,0.36776,0.313595,
37.5,337.5,0.472919,0.178511,
37.5,340,0.498446,0.0057663,
37.5,342.5,0.423327,-0.214918,
37.5,345,0.246841,-0.480839,
37.5,347.5,0.00996018,-0.719015,
37.5,350,-0.22216,-0.821745,
37.5,352.5,-0.365429,-0.749645,
37.5,355,-0.359471,-0.564419,
37.5,357.5,-0.215939,-0.362243,
40,40,0.41369,-0.359536,
40,42.5,0.199773,-0.231946,
40,45,0.000579302,-0.22545,
40,47.5,-0.34295,-0.127738,
40,50,-0.270295,0.131092,
40,52.5,-0.228631,0.201367,
40,55,-0.268404,0.318996,
40,57.5,-0.264337,0.491142,
40,60,-0.122455,0.591665,
40,62.5,0.122646,0.595922,
40,65,0.316799,0.58349,
40,67.5,0.1987,0.536415,
40,70,0.109456,0.328525,
40,72.5,0.311533,0.222296,
40,75,0.390401,0.107854,
40,77.5,0.241828,0.0162033,
40,80,-0.0789322,-0.00485148,
40,82.5,-0.354677,0.0332637,
40,85,-0.362175,0.0539418,
40,87.5,-0.145237,0.000115816,
40,90,-0.0107445,0.028795,
40,92.5,0.00923933,0.0575283,
40,95,-0.0124543,0.0731918,
40,97.5,0.00840506,0.0738761,
40,100,0.0923221,0.0599149,
40,102.5,0.220238,0.0104531,
40,105,0.307481,-0.105797,
40,107.5,0.279201,-0.237809,
40,110,0.179599,-0.222802,
40,112.5,0.0278149,-0.158518,
40,115,-0.110083,0.136322,
40,117.5,-0.0133629,0.351237,
40,120,0.222809,0.274552,
40,122.5,0.500337,0.0875249,
40,125,0.818565,-0.04331,
40,127.5,1.18324,-0.0635928,
40,130,1.53109,-0.0119056,
40,132.5,1.76577,0.0244611,
40,135,1.88967,-0.0111205,
40,137.5,1.98236,-0.158926,
40,140,2.07012,-0.340303,
40,142.5,2.15106,-0.419519,
40,145,2.22208,-0.380168,
40,147.5,2.28755,-0.316563,
40,150,2.35726,-0.335714,
40,152.5,2.43739,-0.46201,
40,155,2.52104,-0.606977,
40,157.5,2.58684,-0.636813,
40,160,2.59152,-0.512202,
40,162.5,2.52248,-0.313178,
40,165,2.40787,-0.0317434,
40,167.5,2.29231,0.335975,
40,170,2.19086,0.725114,
40,172.5,2.07599,1.02244,
40,175,1.90216,1.14278,
40,177.5,1.64897,1.10483,
40,180,1.33986,1.02189,
40,182.5,1.0094,0.954877,
40,185,0.671667,0.85561,
40,187.5,0.346506,0.676459,
40,190,0.0746132,0.432171,
40,192.5,-0.12391,0.207902,
40,195,-0.259744,0.0849763,
40,197.5,-0.363795,0.0731204,
40,200,-0.467257,0.102509,
40,202.5,-0.584416,0.093417,
40,205,-0.689804,0.0180369,
40,207.5,-0.7445,-0.0834934,
40,210,-0.730672,-0.210067,
40,212.5,-0.65842,-0.356843,
40,215,-0.55531,-0.485795,
40,217.5,-0.449042,-0.550764,
40,220,-0.359678,-0.529164,
40,222.5,-0.299036,-0.43412,
40,225,-0.255954,-0.302446,
40,227.5,-0.218051,-0.116508,
40,230,-0.170384,0.134646,
40,232.5,-0.0927416,0.361824,
40,235,-0.0178256,0.433502,
40,237.5,-0.015305,0.307236,
40,240,-0.0227868,0.0902158,
40,242.5,0.0561315,-0.0565931,
40,245,0.106401,-0.0813618,
40,247.5,0.0681678,-0.00712894,
40,250,0.0122257,0.112057,
40,252.5,0.0509039,0.187738,
40,255,0.176444,0.213433,
40,257.5,0.43835,0.149686,
40,260,0.498683,0.00833046,
40,262.5,0.334025,-0.0769402,
40,265,0.244288,-0.0322917,
40,267.5,0.154512,-0.040405,
40,270,0.021768,-0.0388033,
40,272.5,-0.0775034,0.04053,
40,275,-0.0950876,0.095097,
40,277.5,-0.042316,0.0459667,
40,280,0.0410067,-0.128355,
40,282.5,0.110281,-0.374402,
40,285,0.130469,-0.588482,
40,287.5,0.0950018,-0.689702,
40,290,0.0359177,-0.686315,
40,292.5,-0.015333,-0.61948,
40,295,-0.0205319,-0.47028,
40,297.5,0.0253398,-0.251924,
40,300,0.10089,-0.0279734,
40,302.5,0.161081,0.119323,
40,305,0.167811,0.152531,
40,307.5,0.116482,0.0918859,
40,310,0.0351557,-0.00516064,
40,312.5,-0.0419429,-0.0798332,
40,315,-0.0995171,-0.104917,
40,317.5,-0.137932,-0.0704833,
40,320,-0.159093,0.00211472,
40,322.5,-0.147344,0.0829326,
40,325,-0.0878018,0.147915,
40,327.5,0.0235435,0.185666,
40,330,0.178792,0.191392,
40,332.5,0.361365,0.164462,
40,335,0.550853,0.113796,
40,337.5,0.728984,0.0630139,
40,340,0.862503,0.0247982,
40,342.5,0.906383,-0.0405498,
40,345,0.823441,-0.163226,
40,347.5,0.614967,-0.300444,
40,350,0.345816,-0.394581,
40,352.5,0.124205,-0.437503,
40,355,0.013859,-0.466177,
40,357.5,-0.0330289,-0.497877,
